FantasyPlayerKey,PlayerID,Name,Team,Position,AverageDraftPosition,AverageDraftPositionPPR,ByeWeek,LastSeasonFantasyPoints,ProjectedFantasyPoints,AuctionValue,AuctionValuePPR,AverageDraftPositionIDP,AverageDraftPositionRookie,AverageDraftPositionDynasty,AverageDraftPosition2QB
18877,18877,Christian McCaffrey,CAR,RB,1.7000000000000002,1.7000000000000002,13.0,82.8,308.7,76,77,4.0,,,
18872,18872,Dalvin Cook,MIN,RB,3.2,3.2,7.0,331.4,298.0,71,70,19.0,,,
17959,17959,Derrick Henry,TEN,RB,3.4,4.8,13.0,354.3,303.9,71,62,46.0,,,
18878,18878,Alvin Kamara,NO,RB,5.5,4.8,6.0,332.5,246.7,59,60,3.0,,,
17923,17923,Ezekiel Elliott,DAL,RB,6.7,6.7,7.0,193.7,254.4,59,58,8.0,,,
19766,19766,Saquon Barkley,NYG,RB,7.9,8.0,10.0,10.6,251.3,60,58,3.0,,,
19798,19798,Nick Chubb,CLE,RB,8.5,9.3,13.0,216.2,260.6,59,51,20.0,,,
21682,21682,Jonathan Taylor,IND,RB,9.3,10.1,14.0,244.6,261.4,62,56,,,,
18082,18082,Tyreek Hill,KC,WR,10.2,10.9,12.0,272.9,241.4,55,55,17.0,,,
15048,15048,Travis Kelce,KC,TE,11.2,10.9,12.0,234.4,216.0,55,50,20.0,,,
19045,19045,Aaron Jones,GB,RB,12.1,14.1,13.0,239.0,241.0,52,47,36.0,,,
21688,21688,Cam Akers,LAR,RB,14.3,19.1,11.0,102.4,0.0,52,46,,,,
16470,16470,Davante Adams,GB,WR,14.6,15.3,13.0,274.6,222.3,47,47,10.0,,,
19562,19562,Austin Ekeler,LAC,RB,15.5,11.6,7.0,125.5,209.5,43,43,92.0,,,
16906,16906,Stefon Diggs,BUF,WR,15.8,13.8,7.0,227.4,193.5,45,44,34.0,,,
18890,18890,Patrick Mahomes,KC,QB,16.2,24.1,12.0,422.3,449.0,32,30,18.0,,,
21861,21861,Antonio Gibson,WAS,RB,16.4,18.7,9.0,187.5,227.8,46,44,,,,
21768,21768,Najee Harris,PIT,RB,19.2,17.8,7.0,0.0,228.2,45,45,,,,
20875,20875,DK Metcalf,SEA,WR,19.9,23.2,9.0,212.4,214.8,43,42,159.0,,,
18858,18858,Joe Mixon,CIN,RB,20.2,20.8,10.0,88.7,225.3,45,42,24.0,,,
14986,14986,DeAndre Hopkins,ARI,WR,22.8,17.8,12.0,194.9,203.3,38,42,8.0,,,
21769,21769,Clyde Edwards-Helaire,KC,RB,23.5,21.5,12.0,157.9,212.5,39,39,,,,
19802,19802,Calvin Ridley,ATL,WR,24.0,21.8,6.0,216.0,205.4,42,41,62.0,,,
21674,21674,J.K. Dobbins,BAL,RB,25.4,27.9,8.0,169.8,215.4,39,35,,,,
21685,21685,Justin Jefferson,MIN,WR,27.6,27.0,7.0,210.0,205.5,37,37,,,,
20824,20824,Josh Jacobs,LV,RB,27.9,39.4,8.0,223.7,212.2,32,30,43.0,,,
21042,21042,A.J. Brown,TEN,WR,28.8,30.0,13.0,193.5,213.0,41,39,203.0,,,
16964,16964,Darren Waller,LV,TE,31.4,24.8,8.0,193.6,172.3,28,34,184.0,,,
19119,19119,Chris Carson,SEA,RB,32.6,33.4,9.0,170.1,206.7,33,29,53.0,,,
20882,20882,David Montgomery,CHI,RB,32.9,34.2,10.0,237.8,214.6,34,32,54.0,,,
17960,17960,Michael Thomas,NO,WR,33.7,32.0,6.0,49.5,184.5,26,28,14.0,,,
19063,19063,George Kittle,SF,TE,34.6,32.4,6.0,87.0,169.8,41,38,43.0,,,
19801,19801,Josh Allen,BUF,QB,35.9,42.2,7.0,445.6,432.8,29,29,166.0,,,
15076,15076,Keenan Allen,LAC,WR,36.4,31.4,7.0,163.7,168.4,25,26,37.0,,,
20933,20933,Miles Sanders,PHI,RB,36.9,37.6,14.0,160.6,210.4,36,33,105.0,,,
20873,20873,Terry McLaurin,WAS,WR,39.0,37.7,9.0,154.3,183.0,35,35,244.0,,,
21684,21684,D'Andre Swift,DET,RB,39.1,36.4,9.0,162.2,208.9,38,41,,,,
16597,16597,Mike Evans,TB,WR,41.8,48.2,9.0,201.5,184.6,32,26,27.0,,,
20889,20889,Kyler Murray,ARI,QB,43.0,50.2,12.0,427.2,407.2,24,25,136.0,,,
13291,13291,Julio Jones,TEN,WR,43.5,45.2,13.0,107.3,172.7,21,19,14.0,,,
21970,21970,James Robinson,JAX,RB,43.7,53.2,7.0,227.2,159.6,11,10,,,,
16263,16263,Allen Robinson II,CHI,WR,45.2,40.6,10.0,181.5,183.4,28,28,85.0,,,
18944,18944,Kareem Hunt,CLE,RB,47.4,53.0,13.0,203.6,163.7,16,14,124.0,,,
18055,18055,Dak Prescott,DAL,QB,48.3,60.5,7.0,151.9,402.5,20,21,126.0,,,
15534,15534,Adam Thielen,MIN,WR,48.6,59.1,7.0,203.0,154.5,24,21,33.0,,,
20768,20768,Myles Gaskin,MIA,RB,49.4,44.9,14.0,139.0,188.2,24,23,,,,
19781,19781,Lamar Jackson,BAL,QB,50.9,56.2,8.0,375.4,398.3,19,17,138.0,,,
21679,21679,CeeDee Lamb,DAL,WR,51.0,40.6,7.0,155.3,167.0,21,21,,,,
16765,16765,Amari Cooper,DAL,WR,52.6,49.0,7.0,163.3,161.1,26,26,39.0,,,
17217,17217,Raheem Mostert,SF,RB,54.4,61.6,6.0,94.4,161.9,12,10,,,,
22508,22508,Kyle Pitts,ATL,TE,54.6,46.1,6.0,0.0,135.8,12,15,,,,
18880,18880,Chris Godwin,TB,WR,57.4,55.2,9.0,142.1,170.7,20,19,62.0,,,
16887,16887,Mike Davis,ATL,RB,58.3,47.8,6.0,166.4,179.7,17,14,229.0,,,
14871,14871,Robert Woods,LAR,WR,59.3,50.1,11.0,175.0,164.8,18,19,52.0,,,
19803,19803,Mark Andrews,BAL,TE,59.8,59.1,8.0,126.4,148.2,21,23,166.0,,,
21681,21681,Justin Herbert,LAC,QB,61.5,66.7,7.0,375.4,385.7,16,17,,,,
16776,16776,Melvin Gordon III,DEN,RB,61.8,78.4,11.0,187.7,139.7,11,5,41.0,,,
14536,14536,Russell Wilson,SEA,QB,64.6,73.5,9.0,405.8,383.5,15,15,88.0,,,
22564,22564,Ja'Marr Chase,CIN,WR,65.5,72.4,10.0,0.0,151.4,12,14,,,,
20805,20805,T.J. Hockenson,DET,TE,67.2,64.4,9.0,122.2,130.4,23,15,148.0,,,
18977,18977,Kenny Golladay,NYG,WR,67.3,69.6,10.0,51.7,163.4,19,16,62.0,,,
18882,18882,Cooper Kupp,LAR,WR,67.5,57.2,11.0,131.6,154.2,17,18,68.0,,,
19919,19919,Chase Edmonds,ARI,RB,68.2,67.8,12.0,129.7,162.3,16,14,215.0,,,
21696,21696,Travis Etienne Jr.,JAX,RB,68.8,63.4,7.0,0.0,153.7,16,16,,,,
16830,16830,Tyler Lockett,SEA,WR,70.0,69.9,9.0,186.6,151.3,17,16,55.0,,,
21077,21077,Diontae Johnson,PIT,WR,72.2,62.3,7.0,150.9,150.3,17,20,252.0,,,
2593,2593,Aaron Rodgers,GB,QB,73.1,81.7,13.0,431.2,372.1,14,14,54.0,,,
22558,22558,Javonte Williams,DEN,RB,74.7,70.6,11.0,0.0,157.3,11,10,,,,
16389,16389,Odell Beckham Jr.,CLE,WR,75.1,77.5,13.0,72.0,145.0,14,11,15.0,,,
19844,19844,DJ Moore,CAR,WR,75.7,65.3,13.0,164.1,168.5,21,21,78.0,,,
20790,20790,Damien Harris,NE,RB,77.8,73.7,14.0,97.3,155.4,14,8,180.0,,,
21747,21747,Brandon Aiyuk,SF,WR,78.5,75.4,6.0,140.4,148.7,17,16,,,,
19861,19861,Ronald Jones II,TB,RB,79.5,89.2,9.0,178.6,148.8,10,8,165.0,,,
4314,4314,Tom Brady,TB,QB,82.9,92.3,9.0,381.2,364.2,10,10,123.0,,,
21752,21752,Chase Claypool,PIT,WR,83.0,82.9,7.0,172.5,149.6,16,16,,,,
18803,18803,Leonard Fournette,TB,RB,84.1,85.3,9.0,108.3,142.0,12,8,28.0,,,
21690,21690,Tee Higgins,CIN,WR,84.8,80.1,10.0,143.9,146.5,15,15,,,,
10974,10974,Rob Gronkowski,TB,TE,85.4,132.1,9.0,117.7,109.1,3,9,266.0,,,
18983,18983,James Conner,ARI,RB,87.8,97.7,12.0,146.2,135.7,8,5,10.0,,,
21687,21687,DeVonta Smith,PHI,WR,89.3,88.5,14.0,0.0,138.0,8,8,,,,
19816,19816,DJ Chark Jr.,JAX,WR,89.6,92.5,7.0,113.5,149.8,14,11,258.0,,,
16847,16847,David Johnson,HOU,RB,91.0,92.9,10.0,165.3,146.7,10,9,11.0,,,
21831,21831,Jalen Hurts,PHI,QB,91.4,108.4,14.0,122.3,364.4,10,10,,,,
19800,19800,Courtland Sutton,DEN,WR,92.8,91.3,11.0,8.4,147.6,14,12,113.0,,,
9038,9038,Matthew Stafford,LAR,QB,93.1,93.5,11.0,293.9,350.3,6,5,178.0,,,
21802,21802,A.J. Dillon,GB,RB,93.3,103.7,13.0,43.2,125.8,6,4,,,,
21784,21784,Zack Moss,BUF,RB,95.4,98.1,7.0,98.8,131.9,9,6,,,,
17975,17975,Hunter Henry,NE,TE,95.4,107.0,14.0,96.2,102.4,4,5,82.0,,,
18883,18883,JuJu Smith-Schuster,PIT,WR,95.7,95.9,7.0,154.6,145.1,9,10,18.0,,,
20941,20941,Devin Singletary,BUF,RB,99.7,115.5,7.0,119.1,110.5,6,4,125.0,,,
16656,16656,Logan Thomas,WAS,TE,99.8,84.7,9.0,118.0,104.8,9,6,,,,
17986,17986,Tyler Boyd,CIN,WR,102.5,110.7,10.0,128.2,129.1,6,9,69.0,,,
19863,19863,Dallas Goedert,PHI,TE,103.1,85.2,14.0,79.4,124.7,17,12,180.0,,,
21693,21693,Joe Burrow,CIN,QB,103.2,112.6,10.0,196.0,338.7,5,5,,,,
21801,21801,Trey Sermon,SF,RB,103.4,87.9,6.0,0.0,126.0,6,5,,,,
18003,18003,Kenyan Drake,LV,RB,104.1,103.1,8.0,188.6,124.1,8,6,107.0,,,
18187,18187,Robby Anderson,CAR,WR,104.7,101.0,13.0,145.6,139.5,10,11,88.0,,,
20239,20239,Gus Edwards,BAL,RB,105.5,113.7,8.0,134.5,126.0,6,4,230.0,,,
13799,13799,Ryan Tannehill,TEN,QB,108.2,113.3,13.0,387.3,360.8,9,8,284.0,,,
16020,16020,Jarvis Landry,CLE,WR,109.0,124.6,13.0,130.8,123.9,4,4,76.0,,,
21045,21045,Marquise Brown,BAL,WR,109.3,135.8,8.0,141.0,118.2,5,5,196.0,,,
20932,20932,Deebo Samuel,SF,WR,110.4,99.4,6.0,53.8,141.2,10,10,192.0,,,
22553,22553,Michael Carter,NYJ,RB,111.2,82.5,6.0,0.0,116.2,6,5,,,,
17916,17916,William Fuller V,MIA,WR,115.2,116.3,14.0,153.3,139.5,8,6,102.0,,,
21744,21744,Michael Pittman Jr.,IND,WR,115.3,105.0,14.0,66.4,110.9,3,3,,,,
20912,20912,Tony Pollard,DAL,RB,116.6,119.5,7.0,104.6,102.9,8,6,147.0,,,
20798,20798,Darrell Henderson Jr.,LAR,RB,117.1,105.9,11.0,128.9,192.4,26,21,142.0,,,
15071,15071,Latavius Murray,NO,RB,118.2,127.7,6.0,127.7,113.7,6,5,126.0,,,
PIT,28,Pittsburgh Steelers,PIT,DEF,118.7,122.6,7.0,169.2,129.7,1,3,,,,
16568,16568,Brandin Cooks,HOU,WR,120.2,117.4,10.0,170.3,146.0,8,8,44.0,,,
11056,11056,Antonio Brown,TB,WR,122.0,109.1,9.0,81.3,121.4,5,6,26.0,,,
18995,18995,Jamaal Williams,DET,RB,123.9,121.8,9.0,108.4,114.3,6,5,204.0,,,
22490,22490,Trevor Lawrence,JAX,QB,124.2,136.5,7.0,0.0,317.8,4,5,,,,
22598,22598,Jaylen Waddle,MIA,WR,125.7,130.8,14.0,0.0,121.0,3,4,,,,
18912,18912,Evan Engram,NYG,TE,125.9,121.7,10.0,88.0,86.7,3,3,82.0,,,
BAL,36,Baltimore Ravens,BAL,DEF,127.0,155.4,8.0,161.3,121.8,1,1,,,,
20868,20868,Alexander Mattison,MIN,RB,127.2,128.3,7.0,83.4,92.9,4,3,177.0,,,
20128,20128,Phillip Lindsay,HOU,RB,127.5,141.3,10.0,66.6,89.5,4,3,60.0,,,
LAR,32,Los Angeles Rams,LAR,DEF,127.7,130.4,11.0,168.1,115.1,1,3,,,,
20360,20360,Jeff Wilson Jr.,SF,RB,129.8,183.4,6.0,145.9,46.1,3,0,,,,
18857,18857,Deshaun Watson,HOU,QB,131.2,145.2,10.0,416.6,292.9,4,3,42.0,,,
19853,19853,Mike Gesicki,MIA,TE,132.1,151.9,14.0,119.9,113.7,9,8,237.0,,,
WAS,97,Washington Football Team,WAS,DEF,133.6,140.1,9.0,143.3,100.4,1,1,,,,
14005,14005,T.Y. Hilton,IND,WR,134.2,146.2,14.0,122.0,120.6,3,4,47.0,,,
732,732,Matt Ryan,ATL,QB,135.4,136.4,6.0,316.3,316.3,4,3,70.0,,,
18914,18914,Mike Williams,LAC,WR,135.9,134.8,7.0,119.2,147.8,9,9,71.0,,,
21692,21692,Jerry Jeudy,DEN,WR,135.9,101.1,11.0,119.1,143.4,10,10,,,,
18928,18928,Curtis Samuel,WAS,WR,138.2,126.7,9.0,152.4,143.0,9,9,132.0,,,
TB,95,Tampa Bay Buccaneers,TB,DEF,140.5,135.1,9.0,132.0,107.2,1,3,,,,
21697,21697,Laviska Shenault Jr.,JAX,WR,142.1,117.8,7.0,111.8,127.5,8,9,,,,
19912,19912,Nyheim Hines,IND,RB,144.4,125.3,14.0,146.9,99.2,5,5,174.0,,,
18990,18990,Jonnu Smith,NE,TE,144.8,171.7,14.0,111.9,94.4,4,3,237.0,,,
17920,17920,Carson Wentz,IND,QB,145.5,163.4,14.0,223.8,301.3,3,0,86.0,,,
13337,13337,Mark Ingram II,HOU,RB,146.9,180.8,10.0,52.9,49.9,1,1,52.0,,,
IND,14,Indianapolis Colts,IND,DEF,148.7,149.1,14.0,170.3,116.2,1,1,,,,
16775,16775,DeVante Parker,MIA,WR,148.8,165.8,14.0,116.5,130.6,3,3,173.0,,,
21694,21694,Henry Ruggs III,LV,WR,149.0,139.5,8.0,65.5,107.2,3,4,,,,
18464,18464,J.D. McKissic,WAS,RB,149.7,112.2,9.0,125.7,88.6,3,5,,,,
20788,20788,Mecole Hardman,KC,WR,150.2,142.6,12.0,91.5,114.8,3,3,192.0,,,
NYG,75,New York Giants,NYG,DEF,150.6,192.2,10.0,116.2,91.4,0,0,,,,
16762,16762,Jameis Winston,NO,QB,151.8,182.1,6.0,3.1,252.0,1,1,111.0,,,
16031,16031,Damien Williams,CHI,RB,152.2,182.8,10.0,0.0,59.3,3,0,28.0,,,
18879,18879,Corey Davis,NYJ,WR,152.7,154.8,6.0,142.6,133.5,4,4,85.0,,,
19867,19867,Michael Gallup,DAL,WR,153.7,148.0,7.0,128.9,145.6,6,5,155.0,,,
19491,19491,Robert Tonyan,GB,TE,153.9,134.3,13.0,140.5,110.5,8,4,,,,
19799,19799,Rashaad Penny,SEA,RB,155.1,145.9,9.0,4.3,81.5,3,3,108.0,,,
SEA,90,Seattle Seahawks,SEA,DEF,156.0,171.1,9.0,116.2,104.9,1,1,,,,
SF,93,San Francisco 49ers,SF,DEF,156.2,162.8,6.0,99.3,118.4,1,1,,,,
16834,16834,Tevin Coleman,NYJ,RB,156.7,150.2,6.0,11.1,92.6,5,5,85.0,,,
DAL,48,Dallas Cowboys,DAL,DEF,157.4,177.1,7.0,88.0,97.0,1,1,,,,
19790,19790,Baker Mayfield,CLE,QB,157.8,151.4,13.0,279.3,311.3,4,1,65.0,,,
19565,19565,Younghoe Koo,ATL,K,158.5,160.9,6.0,180.5,150.0,1,3,,,,
19073,19073,Harrison Butker,KC,K,159.3,162.8,12.0,147.8,156.5,1,3,147.0,,,
21691,21691,Chuba Hubbard,CAR,RB,160.1,174.3,13.0,0.0,67.0,0,0,,,,
BUF,37,Buffalo Bills,BUF,DEF,162.3,182.6,7.0,133.1,110.5,1,1,,,,
14688,14688,Justin Tucker,BAL,K,163.4,158.8,8.0,153.4,157.5,3,4,138.0,,,
14141,14141,Cole Beasley,BUF,WR,163.6,150.9,7.0,141.6,109.7,3,3,224.0,,,
14697,14697,Greg Zuerlein,DAL,K,164.6,171.1,7.0,159.0,154.0,3,3,129.0,,,
22112,22112,Rodrigo Blankenship,IND,K,166.0,170.6,14.0,159.0,148.1,3,3,,,,
18032,18032,Tyler Higbee,LAR,TE,166.2,153.1,11.0,95.0,112.7,10,8,,,,
13870,13870,Marvin Jones Jr.,JAX,WR,167.4,175.9,7.0,171.2,128.7,4,3,109.0,,,
NE,21,New England Patriots,NE,DEF,167.4,167.3,14.0,117.3,117.3,1,1,,,,
8750,8750,Ryan Succop,TB,K,168.0,171.9,9.0,155.7,151.2,3,3,212.0,,,
20753,20753,Noah Fant,DEN,TE,170.4,94.4,11.0,98.5,113.1,12,10,192.0,,,
21961,21961,Darnell Mooney,CHI,WR,171.9,152.5,10.0,102.8,103.3,1,1,,,,
14252,14252,Kirk Cousins,MIN,QB,172.0,166.9,7.0,345.4,318.1,5,3,148.0,,,
20949,20949,Irv Smith Jr.,MIN,TE,172.2,172.4,7.0,77.3,105.3,8,5,226.0,,,
13320,13320,Cam Newton,NE,QB,172.9,288.8,14.0,292.1,210.6,1,0,102.0,,,
20033,20033,Jason Sanders,MIA,K,172.9,167.8,14.0,180.5,150.0,3,3,,,,
21845,21845,Darrynton Evans,TEN,RB,173.9,195.6,13.0,15.9,59.8,0,0,,,,
22493,22493,Trey Lance,SF,QB,174.4,176.5,6.0,0.0,271.6,0,0,,,,
18478,18478,Wil Lutz,NO,K,175.3,173.9,6.0,144.4,145.4,3,3,155.0,,,
549,549,Matt Prater,ARI,K,176.0,180.1,12.0,127.5,142.2,0,1,186.0,,,
21854,21854,Anthony McFarland Jr.,PIT,RB,176.2,337.3,7.0,18.8,32.7,0,0,,,,
22492,22492,Justin Fields,CHI,QB,177.0,176.1,10.0,0.0,269.3,0,0,,,,
18998,18998,Marlon Mack,IND,RB,177.2,165.1,14.0,7.1,56.4,1,0,45.0,,,
3807,3807,Ben Roethlisberger,PIT,QB,177.4,194.4,7.0,301.4,297.8,1,0,117.0,,,
22108,22108,Tyler Bass,BUF,K,177.9,175.3,7.0,168.1,155.4,3,3,,,,
19003,19003,Tarik Cohen,CHI,RB,178.2,144.5,10.0,13.0,80.2,5,5,76.0,,,
MIA,64,Miami Dolphins,MIA,DEF,178.3,180.4,14.0,156.8,93.6,0,0,,,,
14916,14916,Giovani Bernard,TB,RB,178.6,161.0,9.0,125.3,65.8,1,3,199.0,,,
12845,12845,A.J. Green,ARI,WR,178.9,185.6,12.0,72.5,78.3,0,0,86.0,,,
22557,22557,Javian Hawkins,ATL,RB,178.9,181.7,6.0,0.0,23.2,0,0,,,,
22592,22592,Elijah Moore,NYJ,WR,178.9,167.3,6.0,0.0,97.9,1,1,,,,
17970,17970,Devontae Booker,NYG,RB,180.4,179.1,10.0,77.5,58.8,0,0,,,,
16056,16056,James White,NE,RB,181.0,151.3,14.0,76.3,86.3,3,5,63.0,,,
MIN,67,Minnesota Vikings,MIN,DEF,181.3,181.6,7.0,64.3,103.8,0,0,,,,
CLE,8,Cleveland Browns,CLE,DEF,181.7,173.3,13.0,106.0,100.4,1,1,,,,
20064,20064,Justin Jackson,LAC,RB,181.9,188.0,7.0,52.2,57.1,1,0,171.0,,,
14856,14856,Zach Ertz,PHI,TE,182.2,182.1,14.0,46.8,77.2,1,0,32.0,,,
CAR,5,Carolina Panthers,CAR,DEF,182.7,190.3,13.0,109.4,95.9,0,0,,,,
18935,18935,Gerald Everett,SEA,TE,182.8,186.3,9.0,58.5,76.2,1,0,258.0,,,
21677,21677,Tua Tagovailoa,MIA,QB,183.3,187.6,14.0,152.8,312.9,1,1,,,,
8534,8534,Jared Cook,LAC,TE,183.3,184.0,7.0,102.0,100.7,1,3,92.0,,,
19989,19989,Daniel Carlson,LV,K,183.6,192.3,8.0,171.5,145.2,3,3,246.0,,,
19828,19828,Sony Michel,NE,RB,183.6,194.4,14.0,77.0,85.0,3,0,53.0,,,
21786,21786,Adam Trautman,NO,TE,183.9,180.9,6.0,26.1,85.7,0,0,,,,
21005,21005,Parris Campbell,IND,WR,184.3,180.5,14.0,11.1,86.5,1,1,194.0,,,
20006,20006,Russell Gage,ATL,WR,184.4,157.4,6.0,123.0,106.6,0,3,,,,
20500,20500,Darrel Williams,KC,RB,184.5,180.9,12.0,41.2,68.1,3,3,,,,
16003,16003,Sammy Watkins,BAL,WR,184.8,236.9,8.0,56.9,66.3,0,0,116.0,,,
21735,21735,Gabriel Davis,BUF,WR,185.2,186.8,7.0,114.9,113.1,1,1,,,,
17053,17053,Malcolm Brown,MIA,RB,185.6,182.2,14.0,97.1,67.0,0,0,221.0,,,
20769,20769,Matt Gay,LAR,K,186.8,190.2,11.0,67.7,144.7,1,1,,,,
ARI,1,Arizona Cardinals,ARI,DEF,187.0,188.8,12.0,120.7,93.6,1,1,,,,
22623,22623,Rashod Bateman,BAL,WR,188.5,180.4,8.0,0.0,106.8,0,0,,,,
8283,8283,Ryan Fitzpatrick,WAS,QB,188.8,183.5,9.0,172.3,311.7,4,0,236.0,,,
11063,11063,Emmanuel Sanders,BUF,WR,189.2,184.8,7.0,117.1,113.4,1,1,109.0,,,
GB,12,Green Bay Packers,GB,DEF,189.5,192.0,13.0,106.0,103.8,0,0,,,,
16781,16781,Nelson Agholor,NE,WR,190.7,193.0,14.0,155.2,130.3,3,3,230.0,,,
17215,17215,Jason Myers,SEA,K,192.0,200.1,9.0,141.0,146.9,3,3,185.0,,,
DEN,49,Denver Broncos,DEN,DEF,192.1,192.9,11.0,83.5,104.9,1,1,,,,
16640,16640,John Brown,LV,WR,192.2,193.6,8.0,72.0,105.9,1,1,143.0,,,
1410,1410,Robbie Gould,SF,K,192.9,183.6,6.0,109.4,146.6,3,3,165.0,,,
KC,55,Kansas City Chiefs,KC,DEF,193.1,197.3,12.0,124.1,119.6,1,0,,,,
19238,19238,Taysom Hill,NO,QB,193.3,197.3,6.0,167.6,142.1,1,0,,,,
16311,16311,Derek Carr,LV,QB,194.8,195.6,8.0,307.0,310.3,1,1,176.0,,,
1694,1694,Mason Crosby,GB,K,196.4,194.6,13.0,129.7,140.4,1,1,204.0,,,
14996,14996,Brandon McManus,DEN,K,196.6,194.2,11.0,144.4,137.4,1,1,222.0,,,
19897,19897,Tre'Quan Smith,NO,WR,198.5,209.8,6.0,77.9,108.2,0,0,199.0,,,
16787,16787,Breshad Perriman,DET,WR,199.7,208.7,9.0,77.9,106.9,1,1,296.0,,,
CHI,38,Chicago Bears,CHI,DEF,200.3,196.7,10.0,101.5,103.8,0,0,,,,
21686,21686,Jalen Reagor,PHI,WR,200.8,199.4,14.0,56.6,102.1,3,3,,,,
PHI,26,Philadelphia Eagles,PHI,DEF,201.9,199.7,14.0,116.2,108.3,1,1,,,,
22626,22626,Rondale Moore,ARI,WR,201.9,206.4,12.0,0.0,101.5,0,1,,,,
NO,69,New Orleans Saints,NO,DEF,202.1,183.8,6.0,137.6,119.6,1,1,,,,
20876,20876,Jakobi Meyers,NE,WR,203.0,207.6,14.0,94.2,98.1,1,1,237.0,,,
17048,17048,Tyrell Williams,DET,WR,204.2,212.1,9.0,114.0,97.8,3,3,174.0,,,
NYJ,82,New York Jets,NYJ,DEF,204.2,200.8,6.0,73.3,100.4,0,0,,,,
17961,17961,Sterling Shepard,NYG,WR,205.3,205.3,10.0,108.9,97.6,1,0,98.0,,,
JAX,52,Jacksonville Jaguars,JAX,DEF,205.3,196.7,7.0,58.7,99.3,0,0,,,,
TEN,34,Tennessee Titans,TEN,DEF,206.4,138.0,13.0,79.0,98.1,0,0,,,,
22685,22685,Terrace Marshall Jr.,CAR,WR,206.4,210.9,13.0,0.0,95.2,0,1,,,,
LAC,84,Los Angeles Chargers,LAC,DEF,207.0,197.4,7.0,81.2,101.5,0,0,,,,
16866,16866,Jamison Crowder,NYJ,WR,207.6,188.6,6.0,127.5,94.5,1,0,176.0,,,
20145,20145,Allen Lazard,GB,WR,208.7,214.3,13.0,73.1,93.9,1,0,,,,
19815,19815,Christian Kirk,ARI,WR,209.8,213.2,12.0,111.0,93.4,1,0,120.0,,,
DET,11,Detroit Lions,DET,DEF,209.8,203.0,9.0,30.5,94.8,0,0,,,,
HOU,13,Houston Texans,HOU,DEF,210.9,204.2,10.0,54.1,93.6,0,0,,,,
21739,21739,Van Jefferson,LAR,WR,210.9,215.4,11.0,31.5,92.1,0,0,,,,
20841,20841,Daniel Jones,NYG,QB,212.1,190.1,10.0,203.1,305.4,4,1,213.0,,,
CIN,7,Cincinnati Bengals,CIN,DEF,212.1,205.3,10.0,50.8,92.5,0,0,,,,
19514,19514,Keelan Cole,NYJ,WR,213.2,218.8,6.0,106.5,90.5,0,0,296.0,,,
LV,83,Las Vegas Raiders,LV,DEF,213.2,206.4,8.0,44.0,92.5,0,0,,,,
22575,22575,Amari Rodgers,GB,WR,214.3,216.6,13.0,0.0,90.1,0,0,,,,
19976,19976,Marquez Valdes-Scantling,GB,WR,215.4,220.0,13.0,117.7,89.5,0,0,139.0,,,
ATL,2,Atlanta Falcons,ATL,DEF,215.4,192.5,6.0,81.2,89.1,0,0,,,,
22495,22495,Zach Wilson,NYJ,QB,216.6,260.6,6.0,0.0,288.8,0,1,,,,
22587,22587,Amon-Ra St. Brown,DET,WR,217.7,197.5,9.0,0.0,85.9,0,0,,,,
3943,3943,DeSean Jackson,LAR,WR,218.8,225.6,11.0,34.7,85.5,0,0,153.0,,,
18089,18089,Rashard Higgins,CLE,WR,220.0,222.2,13.0,94.6,84.6,0,0,240.0,,,
19812,19812,Sam Darnold,CAR,QB,221.1,261.7,13.0,151.2,282.6,1,1,176.0,,,
20943,20943,Darius Slayton,NYG,WR,222.2,221.1,10.0,102.6,83.6,1,0,,,,
13227,13227,Randall Cobb,HOU,WR,223.3,217.7,10.0,70.0,83.1,0,0,229.0,,,
17922,17922,Jared Goff,DET,QB,224.5,265.1,9.0,270.7,275.8,1,0,111.0,,,
22569,22569,D'Wayne Eskridge,SEA,WR,225.6,226.7,9.0,0.0,79.6,0,0,,,,
21448,21448,Jalen Guyton,LAC,WR,226.7,232.4,7.0,77.9,77.4,0,0,,,,
22614,22614,Kadarius Toney,NYG,WR,227.9,223.3,10.0,0.0,76.6,0,0,,,,
21750,21750,Marquez Callaway,NO,WR,229.0,231.2,6.0,24.0,73.4,0,0,,,,
21741,21741,Denzel Mims,NYJ,WR,230.1,230.1,6.0,42.5,72.9,1,0,,,,
19865,19865,James Washington,PIT,WR,231.2,239.1,7.0,78.1,72.2,0,0,151.0,,,
19207,19207,Tim Patrick,DEN,WR,232.4,229.0,11.0,124.3,72.1,0,0,,,,
19937,19937,Keke Coutee,HOU,WR,233.5,227.9,10.0,60.9,71.7,0,0,170.0,,,
20924,20924,Hunter Renfrow,LV,WR,234.6,224.5,8.0,85.3,71.0,0,0,247.0,,,
21729,21729,Quintez Cephus,DET,WR,235.8,235.8,9.0,52.9,69.7,0,0,,,,
20838,20838,Tyron Johnson,LAC,WR,236.9,247.0,7.0,67.1,68.8,0,0,,,,
21142,21142,Olamide Zaccheaus,ATL,WR,238.0,233.5,6.0,37.7,68.6,0,0,,,,
19172,19172,Zach Pascal,IND,WR,239.1,240.3,14.0,104.8,68.4,0,0,,,,
19017,19017,Josh Reynolds,TEN,WR,240.3,238.0,13.0,81.6,66.9,0,0,285.0,,,
20150,20150,Byron Pringle,KC,WR,241.4,234.6,12.0,24.8,66.7,0,0,,,,
21759,21759,K.J. Hamler,DEN,WR,242.5,241.4,11.0,67.8,65.4,0,0,,,,
21756,21756,Nico Collins,HOU,WR,243.6,244.8,10.0,0.0,64.2,0,0,,,,
19318,19318,Kendrick Bourne,NE,WR,244.8,243.6,14.0,91.0,63.3,0,0,,,,
21754,21754,Donovan Peoples-Jones,CLE,WR,245.9,251.5,13.0,50.1,62.7,0,0,,,,
22678,22678,Jake Funk,LAR,RB,247.0,270.7,11.0,0.0,66.5,0,0,,,,
21736,21736,Bryan Edwards,LV,WR,248.2,250.4,8.0,28.5,61.7,0,0,,,,
20988,20988,Preston Williams,MIA,WR,249.3,256.1,14.0,64.1,61.3,0,0,241.0,,,
21843,21843,Salvon Ahmed,MIA,RB,250.4,185.2,14.0,65.4,64.8,1,0,,,,
22562,22562,Kenneth Gainwell,PHI,RB,251.5,178.3,14.0,0.0,64.7,0,0,,,,
18047,18047,Demarcus Robinson,KC,WR,252.7,245.9,12.0,70.6,60.6,0,0,,,,
16837,16837,Chris Conley,HOU,WR,253.8,249.3,10.0,64.4,60.0,0,0,291.0,,,
21776,21776,Joshua Kelley,LAC,RB,254.9,274.1,7.0,65.6,63.1,0,1,,,,
22602,22602,Tutu Atwell,LAR,WR,256.1,248.2,11.0,0.0,59.1,0,0,,,,
20762,20762,Travis Fulgham,PHI,WR,257.2,253.8,14.0,87.9,58.9,0,0,,,,
20837,20837,Ty Johnson,NYJ,RB,258.3,276.4,6.0,53.4,62.0,3,1,,,,
20529,20529,Cam Sims,WAS,WR,259.4,252.7,9.0,61.1,58.0,0,0,,,,
19864,19864,Anthony Miller,CHI,WR,260.6,242.5,10.0,67.3,56.6,0,0,166.0,,,
21163,21163,Deonte Harris,NO,WR,261.7,254.9,6.0,31.2,55.1,0,0,,,,
16141,16141,Willie Snead IV,LV,WR,262.8,257.2,8.0,69.0,55.0,0,0,233.0,,,
20039,20039,Boston Scott,PHI,RB,264.0,271.8,14.0,79.6,58.2,1,0,,,,
22609,22609,Shi Smith,CAR,WR,265.1,258.3,13.0,0.0,54.6,0,0,,,,
20057,20057,Auden Tate,CIN,WR,266.2,259.4,10.0,16.9,53.7,0,0,,,,
18993,18993,Samaje Perine,CIN,RB,267.3,186.1,10.0,61.7,57.0,0,0,,,,
16550,16550,Kelvin Benjamin,NYG,WR,268.5,266.2,10.0,49.6,53.0,0,0,,,,
16497,16497,Teddy Bridgewater,DEN,QB,269.6,303.4,11.0,272.1,177.4,0,0,,,,
22686,22686,Dyami Brown,WAS,WR,270.7,262.8,9.0,0.0,52.7,0,0,,,,
15150,15150,Cordarrelle Patterson,ATL,RB,271.8,282.0,6.0,47.8,55.8,0,0,,,,
18996,18996,Wayne Gallman II,SF,RB,273.0,284.3,6.0,130.4,54.5,1,1,270.0,,,
12831,12831,Tyrod Taylor,HOU,QB,274.1,307.9,10.0,10.2,171.7,0,0,,,,
19705,19705,Greg Ward,PHI,WR,275.2,264.0,14.0,90.4,48.9,0,0,,,,
21138,21138,Scotty Miller,TB,WR,276.4,273.0,9.0,78.4,48.4,0,0,,,,
17141,17141,Damiere Byrd,CHI,WR,277.5,269.6,10.0,76.6,48.3,0,0,,,,
21730,21730,Collin Johnson,JAX,WR,278.6,280.9,7.0,46.5,47.9,0,0,,,,
20792,20792,N'Keal Harry,NE,WR,279.7,268.5,14.0,46.1,47.8,0,0,162.0,,,
19043,19043,Isaiah McKenzie,BUF,WR,280.9,275.2,7.0,71.7,47.6,0,0,,,,
21839,21839,Xavier Jones,LAR,RB,282.0,172.5,11.0,0.0,49.7,0,0,,,,
17290,17290,Adam Humphries,WAS,WR,283.1,267.3,9.0,39.3,46.3,0,0,217.0,,,
20900,20900,Qadree Ollison,ATL,RB,284.3,297.8,6.0,0.4,47.9,0,0,292.0,,,
22588,22588,Anthony Schwartz,CLE,WR,285.4,287.6,13.0,0.0,44.3,0,0,,,,
22546,22546,Rhamondre Stevenson,NE,RB,286.5,298.9,14.0,0.0,46.9,0,1,,,,
18881,18881,John Ross,NYG,WR,287.6,277.5,10.0,2.2,44.0,0,0,255.0,,,
22591,22591,Dez Fitzpatrick,TEN,WR,288.8,278.6,13.0,0.0,44.0,0,0,,,,
14901,14901,Kyle Juszczyk,SF,RB,289.9,285.4,6.0,70.6,46.2,0,0,,,,
20859,20859,Drew Lock,DEN,QB,291.0,323.7,11.0,204.5,144.6,0,0,248.0,,,
13878,13878,Mohamed Sanu,SF,WR,292.2,279.7,6.0,30.5,43.0,0,0,169.0,,,
22613,22613,Joshua Palmer,LAC,WR,293.3,283.1,7.0,0.0,42.7,0,0,,,,
16510,16510,Jerick McKinnon,KC,RB,294.4,292.2,12.0,105.1,44.8,0,0,199.0,,,
21797,21797,La'Mical Perine,NYJ,RB,295.5,302.3,6.0,46.8,44.0,0,0,,,,
22535,22535,Elijah Mitchell,SF,RB,296.7,305.7,6.0,0.0,43.9,0,0,,,,
21675,21675,Tyler Johnson,TB,WR,297.8,286.5,9.0,32.6,41.0,0,0,,,,
20159,20159,Mike Boone,DEN,RB,298.9,318.1,11.0,14.6,42.6,0,0,,,,
22496,22496,Mac Jones,NE,QB,300.0,330.5,14.0,0.0,133.0,0,0,,,,
16802,16802,Devin Funchess,GB,WR,301.2,289.9,13.0,0.0,39.1,0,0,188.0,,,
16668,16668,Carlos Hyde,JAX,RB,302.3,315.8,7.0,77.7,41.2,1,0,184.0,,,
21721,21721,Devin Duvernay,BAL,WR,303.4,293.3,8.0,30.6,38.1,0,0,,,,
21743,21743,Lynn Bowden Jr.,MIA,WR,304.6,291.0,14.0,28.9,38.1,0,0,,,,
21037,21037,Miles Boykin,BAL,WR,305.7,296.7,8.0,57.1,37.5,0,0,220.0,,,
22555,22555,Jermar Jefferson,DET,RB,306.8,314.7,9.0,0.0,39.5,0,0,,,,
14917,14917,Rex Burkhead,HOU,RB,307.9,312.5,10.0,93.2,39.4,0,0,256.0,,,
22556,22556,Jaret Patterson,WAS,RB,309.1,342.9,9.0,0.0,39.1,0,0,,,,
21804,21804,DeeJay Dallas,SEA,RB,310.2,301.2,9.0,45.0,38.6,0,1,,,,
21777,21777,Larry Rountree III,LAC,RB,311.3,319.2,7.0,0.0,38.2,0,0,,,,
20990,20990,Trayveon Williams,CIN,RB,312.5,313.6,10.0,18.8,38.2,0,0,,,,
21957,21957,Quez Watkins,PHI,WR,313.6,311.3,14.0,18.7,34.6,0,0,,,,
20077,20077,Richie James,SF,WR,314.7,294.4,6.0,46.7,34.3,0,0,,,,
20836,20836,Bisi Johnson,MIN,WR,315.8,300.0,7.0,23.6,34.1,0,0,,,,
21841,21841,Jordan Love,GB,QB,317.0,353.1,13.0,0.0,114.2,0,0,,,,
20013,20013,Cedrick Wilson,DAL,WR,318.1,306.8,7.0,39.1,33.9,0,0,,,,
18690,18690,Jalen Richard,LV,RB,319.2,309.1,8.0,36.2,35.9,0,0,219.0,,,
21960,21960,Freddie Swain,SEA,WR,320.4,310.2,9.0,31.5,33.7,0,0,,,,
20817,20817,Jalen Hurd,SF,WR,321.5,295.5,6.0,0.0,33.2,0,0,240.0,,,
19033,19033,Brian Hill,TEN,RB,322.6,327.1,13.0,79.4,35.0,0,0,290.0,,,
19120,19120,David Moore,CAR,WR,323.7,304.6,13.0,94.5,32.8,0,0,262.0,,,
20950,20950,Benny Snell Jr.,PIT,RB,324.9,344.0,7.0,73.2,33.3,1,0,253.0,,,
19319,19319,Matt Breida,BUF,RB,326.0,326.0,7.0,37.2,32.5,0,0,143.0,,,
19824,19824,Kalen Ballage,PIT,RB,327.1,338.4,7.0,73.2,32.1,0,0,158.0,,,
18375,18375,Peyton Barber,WAS,RB,328.2,354.2,9.0,57.5,30.9,0,0,140.0,,,
21967,21967,Isaiah Coulter,HOU,WR,329.4,321.5,10.0,0.0,28.9,0,0,,,,
16041,16041,Jimmy Garoppolo,SF,QB,330.5,370.0,6.0,72.6,97.2,0,0,161.0,,,
22604,22604,Tylan Wallace,BAL,WR,331.6,322.6,8.0,0.0,28.5,0,0,,,,
22596,22596,Jaelon Darden,TB,WR,332.8,324.9,9.0,0.0,28.2,0,0,,,,
20820,20820,Andy Isabella,ARI,WR,333.9,317.0,12.0,38.1,28.0,0,0,215.0,,,
14865,14865,Marquise Goodwin,CHI,WR,335.0,335.0,10.0,0.0,27.4,0,0,204.0,,,
22505,22505,Davis Mills,HOU,QB,336.1,379.0,10.0,0.0,90.8,0,0,,,,
19080,19080,Noah Brown,DAL,WR,337.3,336.1,7.0,17.8,26.9,0,0,,,,
19823,19823,Royce Freeman,DEN,RB,338.4,331.6,11.0,28.3,28.2,0,0,144.0,,,
20802,20802,Justice Hill,BAL,RB,339.5,350.8,8.0,10.2,27.8,0,0,168.0,,,
19822,19822,Kerryon Johnson,PHI,RB,340.7,348.6,14.0,59.6,27.0,0,0,36.0,,,
18103,18103,Jakeem Grant Sr.,MIA,WR,341.8,320.4,14.0,51.1,24.7,0,0,,,,
20582,20582,Chad Beebe,MIN,WR,342.9,339.5,7.0,34.0,24.6,0,0,,,,
22533,22533,Demetric Felton,CLE,RB,344.0,347.4,13.0,0.0,24.8,0,0,,,,
18269,18269,Geronimo Allison,DET,WR,345.2,329.4,9.0,0.0,23.3,0,0,132.0,,,
12841,12841,Andy Dalton,CHI,QB,346.3,411.7,10.0,153.3,76.5,0,0,191.0,,,
19361,19361,Marcus Kemp,KC,WR,347.4,332.8,12.0,1.4,22.7,0,0,,,,
19296,19296,Anthony Firkser,TEN,TE,348.6,186.5,13.0,50.4,93.5,1,0,,,,
21840,21840,Kylin Hill,GB,RB,349.7,385.8,13.0,0.0,23.8,0,0,,,,
13741,13741,Brandon Bolden,NE,RB,350.8,395.9,14.0,0.0,23.8,0,0,,,,
22590,22590,Ben Skowronek,LAR,WR,351.9,340.7,11.0,0.0,22.3,0,0,,,,
20372,20372,Cameron Batson,TEN,WR,353.1,328.2,13.0,20.3,22.1,0,0,,,,
21855,21855,Raymond Calais,LAR,RB,354.2,376.8,11.0,0.0,23.4,0,0,,,,
17963,17963,Austin Hooper,CLE,TE,355.3,346.3,13.0,76.1,90.4,4,3,123.0,,,
21400,21400,Steven Sims Jr.,WAS,WR,356.4,333.9,9.0,34.2,21.5,0,0,,,,
19457,19457,Blake Jarwin,DAL,TE,357.6,189.2,7.0,1.5,88.4,1,0,,,,
20224,20224,Christian Blake,ATL,WR,358.7,341.8,6.0,15.9,21.0,0,0,,,,
19979,19979,Jordan Wilkins,IND,RB,359.8,382.4,14.0,55.6,22.2,0,0,,,,
19854,19854,Dante Pettis,NYG,WR,361.0,357.6,10.0,13.1,20.7,0,0,114.0,,,
19098,19098,Isaiah Ford,MIA,WR,362.1,349.7,14.0,31.1,20.6,0,0,,,,
20789,20789,Kelvin Harmon,WAS,WR,363.2,345.2,9.0,41.7,20.6,0,0,,,,
16451,16451,Eric Ebron,PIT,TE,364.3,351.9,7.0,96.8,85.5,1,3,105.0,,,
16232,16232,Donte Moncrief,HOU,WR,365.5,359.8,10.0,2.4,20.2,0,0,142.0,,,
21823,21823,Patrick Taylor,GB,RB,366.6,394.8,13.0,0.0,21.4,0,0,,,,
16815,16815,Ameer Abdullah,MIN,RB,367.7,368.9,7.0,24.8,21.2,0,0,,,,
19065,19065,Jeremy McNichols,TEN,RB,368.9,393.7,13.0,36.0,21.1,0,0,,,,
22676,22676,Kene Nwangwu,MIN,RB,370.0,401.6,7.0,0.0,20.7,0,0,,,,
11565,11565,Andre Roberts,HOU,WR,371.1,365.5,10.0,-1.0,19.2,0,0,,,,
18901,18901,O.J. Howard,TB,TE,372.2,366.6,9.0,30.0,79.3,0,0,70.0,,,
22276,22276,DeMichael Harris,IND,WR,373.4,362.1,14.0,14.1,18.9,0,0,,,,
20835,20835,KeeSean Johnson,ARI,WR,374.5,358.7,12.0,19.5,18.9,0,0,252.0,,,
22594,22594,Frank Darby,ATL,WR,375.6,356.4,6.0,0.0,18.9,0,0,,,,
21772,21772,Cole Kmet,CHI,TE,376.8,355.3,10.0,38.4,78.2,1,0,,,,
20038,20038,Braxton Berrios,NYJ,WR,377.9,363.2,6.0,68.0,18.7,0,0,,,,
22563,22563,Khalil Herbert,CHI,RB,379.0,412.8,10.0,0.0,19.5,0,0,,,,
19843,19843,Hayden Hurst,ATL,TE,380.1,367.7,6.0,105.0,75.0,1,0,299.0,,,
18717,18717,Marvin Hall,NE,WR,381.3,392.5,14.0,47.7,17.6,0,0,,,,
21788,21788,Ke'Shawn Vaughn,TB,RB,382.4,408.3,9.0,20.6,18.4,1,0,,,,
21862,21862,Austin Mack,NYG,WR,383.5,364.3,10.0,10.3,17.0,0,0,,,,
21765,21765,JaMycal Hasty,SF,RB,384.6,433.2,6.0,27.2,18.1,0,0,,,,
21738,21738,Juwan Johnson,NO,WR,385.8,383.5,6.0,5.0,16.9,0,0,,,,
21731,21731,John Hightower,PHI,WR,386.9,373.4,14.0,21.2,16.9,0,0,,,,
18088,18088,Alex Collins,SEA,RB,388.0,436.5,9.0,22.7,17.9,0,0,,,,
18926,18926,Zay Jones,LV,WR,389.2,377.9,8.0,25.4,16.8,0,0,221.0,,,
22672,22672,Gary Brightwell,NYG,RB,390.3,424.1,10.0,0.0,17.8,0,0,,,,
20850,20850,Dawson Knox,BUF,TE,391.4,389.2,7.0,48.3,69.0,0,0,,,,
22595,22595,Ihmir Smith-Marsette,MIN,WR,392.5,381.3,7.0,0.0,16.4,0,0,,,,
19961,19961,Ray-Ray McCloud,PIT,WR,393.7,361.0,7.0,13.8,16.3,0,0,,,,
21078,21078,Jeff Smith,NYJ,WR,394.8,371.1,6.0,18.8,16.3,0,0,,,,
21549,21549,Tony Brooks-James,ATL,RB,395.9,453.5,6.0,0.5,17.1,0,0,,,,
20793,20793,Penny Hart,SEA,WR,397.1,398.2,9.0,2.8,16.0,0,0,,,,
20880,20880,Gardner Minshew II,JAX,QB,398.2,467.0,7.0,180.1,53.6,0,0,,,,
19947,19947,Chris Herndon,NYJ,TE,399.3,384.6,6.0,48.2,66.4,0,0,201.0,,,
21056,21056,Hakeem Butler,PHI,WR,400.4,391.4,14.0,0.0,15.9,0,0,244.0,,,
18197,18197,Alex Erickson,HOU,WR,401.6,386.9,10.0,12.0,15.5,0,0,,,,
11488,11488,Jimmy Graham,CHI,TE,402.7,399.3,10.0,105.6,64.3,0,0,162.0,,,
22622,22622,Racey McMath,TEN,WR,403.8,372.2,13.0,0.0,15.3,0,0,,,,
22618,22618,Marquez Stevenson,BUF,WR,405.0,374.5,7.0,0.0,15.1,0,0,,,,
18974,18974,Chad Williams,KC,WR,406.1,375.6,12.0,0.0,14.9,0,0,,,,
18067,18067,Jordan Howard,PHI,RB,407.2,477.1,14.0,33.5,15.8,0,9,95.0,,,
19922,19922,Justin Watson,TB,WR,408.3,403.8,9.0,10.6,14.8,0,0,,,,
15602,15602,Jack Doyle,IND,TE,409.5,402.7,14.0,46.4,61.6,0,0,184.0,,,
18900,18900,Mo Alie-Cox,IND,TE,410.6,405.0,14.0,55.7,61.2,0,0,,,,
22647,22647,Chris Evans,CIN,RB,411.7,421.9,10.0,0.0,15.6,0,0,,,,
18030,18030,Chris Moore,HOU,WR,412.8,406.1,10.0,0.0,14.5,0,0,180.0,,,
16245,16245,Blake Bortles,GB,QB,414.0,483.9,13.0,0.0,48.6,0,0,,,,
18445,18445,Mike Thomas,CIN,WR,415.1,410.6,10.0,19.5,14.4,0,0,,,,
19903,19903,Jordan Akins,HOU,TE,416.2,397.1,10.0,52.7,59.9,0,0,,,,
20810,20810,Travis Homer,SEA,RB,417.4,416.2,9.0,26.8,15.3,0,0,,,,
19920,19920,Dalton Schultz,DAL,TE,418.5,407.2,7.0,94.2,59.7,0,0,,,,
20984,20984,Dexter Williams,GB,RB,419.6,434.3,13.0,1.0,15.2,0,0,262.0,,,
20816,20816,Lil'Jordan Humphrey,NO,WR,420.7,417.4,6.0,12.0,14.2,0,0,,,,
21593,21593,D'Ernest Johnson,CLE,RB,421.9,451.2,13.0,20.3,14.9,0,0,,,,
19659,19659,Dan Arnold,CAR,TE,423.0,409.5,13.0,74.2,58.2,0,0,,,,
22572,22572,Dax Milne,WAS,WR,424.1,388.0,9.0,0.0,13.9,0,0,,,,
21601,21601,Gunner Olszewski,NE,WR,425.3,420.7,14.0,16.4,13.9,0,0,,,,
20075,20075,Josh Adams,NYJ,RB,426.4,481.7,6.0,34.5,14.7,0,0,,,,
16763,16763,Marcus Mariota,LV,QB,427.5,489.6,8.0,29.1,46.0,0,0,197.0,,,
19064,19064,Trent Taylor,CIN,WR,428.6,390.3,10.0,10.9,13.5,0,0,,,,
19548,19548,Corey Clement,NYG,RB,429.8,461.4,10.0,18.0,14.3,0,0,,,,
20566,20566,Dontrell Hilliard,HOU,RB,430.9,448.9,10.0,6.4,14.2,0,0,254.0,,,
18876,18876,David Njoku,CLE,TE,432.0,432.0,13.0,37.6,55.3,0,0,118.0,,,
16855,16855,Ty Montgomery,NO,RB,433.2,439.9,6.0,14.4,14.0,0,0,218.0,,,
18652,18652,C.J. Ham,MIN,RB,434.3,429.8,7.0,19.7,13.5,0,0,,,,
16790,16790,Phillip Dorsett II,JAX,WR,435.4,426.4,7.0,0.0,12.7,0,0,267.0,,,
18058,18058,Tajaé Sharpe,ATL,WR,436.5,380.1,6.0,0.0,12.5,0,0,,,,
22573,22573,Dazz Newsome,CHI,WR,437.7,415.1,10.0,0.0,12.5,0,0,,,,
19044,19044,Jamal Agnew,JAX,WR,438.8,418.5,7.0,11.5,12.4,0,0,,,,
19988,19988,Tyler Conklin,MIN,TE,439.9,435.4,7.0,28.7,51.6,0,0,,,,
19996,19996,Jaylen Samuels,PIT,RB,441.0,441.0,7.0,9.4,12.9,0,0,141.0,,,
21773,21773,Eno Benjamin,ARI,RB,442.2,470.4,12.0,0.0,12.9,0,0,,,,
16917,16917,C.J. Uzomah,CIN,TE,443.3,428.6,10.0,16.6,50.5,0,0,272.0,,,
20679,20679,KhaDarel Hodge,CLE,WR,444.4,437.7,13.0,20.3,12.1,0,0,,,,
18811,18811,Mitchell Trubisky,BUF,QB,445.6,503.1,7.0,173.4,40.0,0,0,161.0,,,
21742,21742,Antonio Gandy-Golden,WAS,WR,446.7,414.0,9.0,3.2,11.9,0,0,,,,
20819,20819,Alec Ingold,LV,RB,447.8,423.0,8.0,19.6,12.6,0,0,,,,
20964,20964,Darwin Thompson,KC,RB,448.9,462.5,12.0,29.6,12.5,0,0,155.0,,,
19599,19599,Trey Edmunds,PIT,RB,450.1,469.2,7.0,0.0,12.5,0,0,,,,
19317,19317,Victor Bolden,DET,WR,451.2,430.9,9.0,1.3,11.8,0,0,,,,
21734,21734,Nick Westbrook-Ikhine,TEN,WR,452.3,443.3,13.0,6.7,11.8,0,0,,,,
19950,19950,Will Dissly,SEA,TE,453.5,444.4,9.0,41.8,48.9,0,0,221.0,,,
20398,20398,Equanimeous St. Brown,GB,WR,454.6,455.7,13.0,20.8,11.6,0,0,,,,
22615,22615,Kawaan Baker,NO,WR,455.7,419.6,6.0,0.0,11.4,0,0,,,,
21952,21952,Rico Dowdle,DAL,RB,456.8,472.6,7.0,3.1,12.0,0,0,,,,
21737,21737,Tyrie Cleveland,DEN,WR,458.0,425.3,11.0,8.0,11.2,0,0,,,,
19626,19626,Dare Ogunbowale,JAX,RB,459.1,438.8,7.0,22.4,11.8,0,0,237.0,,,
18422,18422,Kalif Raymond,DET,WR,460.2,442.2,9.0,20.8,11.1,0,0,,,,
21783,21783,Harrison Bryant,CLE,TE,461.4,447.8,13.0,42.6,46.0,0,0,,,,
21725,21725,Trishton Jackson,LAR,WR,462.5,400.4,11.0,0.0,10.9,0,0,,,,
19209,19209,Patrick Ricard,BAL,RB,463.6,427.5,8.0,10.7,11.5,0,0,,,,
21714,21714,K.J. Osborn,MIN,WR,464.7,468.1,7.0,0.0,10.5,0,0,,,,
13791,13791,Lamar Miller,WAS,RB,465.9,499.7,9.0,0.8,11.1,0,0,96.0,,,
22620,22620,Mike Strachan,IND,WR,467.0,445.6,14.0,0.0,10.3,0,0,,,,
20011,20011,Javon Wims,CHI,WR,468.1,456.8,10.0,12.4,10.2,0,0,,,,
16593,16593,Cameron Brate,TB,TE,469.2,458.0,9.0,45.3,41.4,0,0,213.0,,,
21775,21775,Rodney Smith,CAR,RB,470.4,491.8,13.0,31.0,10.5,0,0,,,,
19281,19281,Jacob Hollister,BUF,TE,471.5,454.6,7.0,46.1,40.9,0,0,,,,
22608,22608,Seth Williams,DEN,WR,472.6,474.9,11.0,0.0,11.0,0,0,,,,
21794,21794,Albert Okwuegbunam,DEN,TE,473.8,460.2,11.0,20.4,40.7,0,0,,,,
20742,20742,J.J. Arcega-Whiteside,PHI,WR,474.9,452.3,14.0,18.6,11.0,0,0,209.0,,,
21718,21718,Joe Reed,LAC,WR,476.0,478.3,7.0,10.0,10.9,0,0,,,,
20144,20144,Michael Badgley,LAC,K,477.1,196.7,7.0,126.3,142.2,0,0,208.0,,,
22126,22126,Ty'Son Williams,BAL,RB,478.3,526.8,8.0,0.0,10.1,0,0,,,,
22514,22514,Kenny Yeboah,NYJ,TE,479.4,486.2,6.0,0.0,39.1,0,0,,,,
15126,15126,Theo Riddick,LV,RB,480.5,463.6,8.0,7.3,11.2,0,0,300.0,,,
10333,10333,Graham Gano,NYG,K,481.7,529.0,10.0,139.9,138.5,1,1,232.0,,,
16301,16301,Cairo Santos,CHI,K,482.8,530.2,10.0,146.6,138.3,0,0,,,,
21755,21755,Isaiah Wright,WAS,WR,483.9,450.1,9.0,21.8,10.5,0,0,,,,
16191,16191,Chris Boswell,PIT,K,485.0,531.3,7.0,104.9,137.6,0,0,222.0,,,
22494,22494,Kyle Trask,TB,QB,486.2,532.4,9.0,0.0,31.2,0,0,,,,
20886,20886,Stanley Morgan,CIN,WR,487.3,446.7,10.0,0.0,10.5,0,0,,,,
21837,21837,J.J. Taylor,NE,RB,488.4,517.8,14.0,12.9,11.1,0,0,,,,
21211,21211,Patrick Laird,MIA,RB,489.6,480.5,14.0,13.5,11.1,0,0,,,,
21519,21519,Joey Slye,CAR,K,490.7,203.6,13.0,137.6,136.3,0,0,,,,
14867,14867,Dustin Hopkins,WAS,K,491.8,534.7,9.0,129.7,136.0,0,0,254.0,,,
22612,22612,Tre Nixon,NE,WR,492.9,459.1,14.0,0.0,10.4,0,0,,,,
16236,16236,Cody Parkey,CLE,K,494.1,536.9,13.0,112.8,134.8,3,3,,,,
13275,13275,Kyle Rudolph,NYG,TE,495.2,473.8,10.0,42.2,37.9,0,0,140.0,,,
20325,20325,Greg Joseph,MIN,K,496.3,538.1,7.0,0.0,134.2,0,0,,,,
16931,16931,Nick Boyle,BAL,TE,497.4,476.0,8.0,26.3,37.5,0,0,,,,
20905,20905,Donald Parham Jr.,LAC,TE,498.6,485.0,7.0,38.2,37.2,0,0,,,,
17139,17139,Josh Lambo,JAX,K,499.7,541.4,7.0,30.5,130.8,0,1,223.0,,,
22544,22544,Pooka Williams Jr.,CIN,RB,500.8,513.2,10.0,0.0,10.6,0,0,,,,
20103,20103,Reggie Bonnafon,CAR,RB,502.0,497.4,13.0,16.6,10.5,0,0,,,,
11694,11694,Nick Folk,NE,K,503.1,543.7,14.0,126.3,129.3,0,0,,,,
18215,18215,Ka'imi Fairbairn,HOU,K,504.2,546.0,10.0,142.1,128.4,0,0,170.0,,,
16933,16933,James O'Shaughnessy,JAX,TE,505.3,471.5,7.0,29.6,36.0,0,0,,,,
20053,20053,Kyle Allen,WAS,QB,506.5,547.1,9.0,50.8,28.9,0,0,,,,
22507,22507,Pat Freiermuth,PIT,TE,507.6,482.8,7.0,0.0,35.9,0,0,,,,
22568,22568,Cornell Powell,KC,WR,508.7,479.4,12.0,0.0,9.6,0,0,,,,
16308,16308,Albert Wilson,MIA,WR,509.9,488.4,14.0,0.0,9.6,0,0,224.0,,,
22908,22908,Evan McPherson,CIN,K,511.0,551.6,10.0,0.0,124.8,0,0,,,,
20931,20931,Drew Sample,CIN,TE,512.1,465.9,10.0,43.9,35.0,0,0,,,,
19041,19041,Jake Elliott,PHI,K,513.2,552.7,14.0,79.0,123.3,0,0,193.0,,,
22506,22506,Brevin Jordan,HOU,TE,514.4,487.3,10.0,0.0,34.7,0,0,,,,
18735,18735,Sam Ficken,NYJ,K,515.5,555.0,6.0,59.8,120.6,0,0,,,,
19072,19072,Alex Armah,NO,RB,516.6,496.3,6.0,3.4,9.8,0,0,,,,
22633,22633,Isaiah McKoy,PIT,WR,517.8,490.7,7.0,0.0,8.9,0,0,,,,
13961,13961,Randy Bullock,DET,K,518.9,560.6,9.0,104.9,116.0,0,0,,,,
17005,17005,Geoff Swaim,TEN,TE,520.0,492.9,13.0,16.1,32.6,0,0,289.0,,,
19755,19755,River Cracraft,SF,WR,521.1,464.7,6.0,5.2,8.8,0,0,,,,
18019,18019,Nick Vannett,NO,TE,522.3,508.7,6.0,17.5,32.4,0,0,,,,
16816,16816,Maxx Williams,ARI,TE,523.4,500.8,12.0,18.3,31.6,0,0,,,,
22425,22425,Tucker McCann,TEN,K,524.5,567.4,13.0,0.0,110.5,0,0,,,,
22548,22548,Gerrid Doaks,MIA,RB,525.6,522.3,14.0,0.0,8.9,0,0,,,,
22635,22635,Jalen Camp,JAX,WR,526.8,498.6,7.0,0.0,8.3,0,0,,,,
20722,20722,Diontae Spencer,DEN,WR,527.9,495.2,11.0,5.7,8.0,0,0,,,,
21758,21758,K.J. Hill Jr.,LAC,WR,529.0,494.1,7.0,6.7,8.0,0,0,,,,
18209,18209,Marcus Johnson,TEN,WR,530.2,511.0,13.0,28.8,7.9,0,0,,,,
20487,20487,Brandon Powell,BUF,WR,531.3,509.9,7.0,19.9,7.8,0,0,,,,
21760,21760,Isaiah Hodgins,BUF,WR,532.4,507.6,7.0,0.0,7.6,0,0,,,,
21169,21169,Malik Taylor,GB,WR,533.5,506.5,13.0,15.2,7.4,0,0,,,,
3061,3061,Marcedes Lewis,GB,TE,534.7,520.0,13.0,32.4,26.5,0,0,,,,
17179,17179,Taylor Heinicke,WAS,QB,535.8,583.2,9.0,13.2,21.3,0,0,,,,
22645,22645,Simi Fehoko,DAL,WR,536.9,505.3,7.0,0.0,7.2,0,0,,,,
22683,22683,Jacob Harris,LAR,TE,538.1,514.4,11.0,0.0,26.4,0,0,,,,
21749,21749,Isaiah Zuber,NE,WR,539.2,515.5,14.0,6.4,7.1,0,0,,,,
18018,18018,Jacoby Brissett,MIA,QB,540.3,588.8,14.0,23.2,20.7,0,0,193.0,,,
20884,20884,Foster Moreau,LV,TE,541.4,542.6,8.0,29.3,25.7,0,0,,,,
22631,22631,Blake Proehl,MIN,WR,542.6,504.2,7.0,0.0,6.9,0,0,,,,
20946,20946,Kaden Smith,NYG,TE,543.7,502.0,10.0,12.6,25.4,0,0,,,,
611,611,Joe Flacco,PHI,QB,544.8,589.9,14.0,61.8,20.4,0,0,206.0,,,
18931,18931,Adam Shaheen,MIA,TE,546.0,525.6,14.0,37.2,25.3,0,0,,,,
12787,12787,Nick Bellore,SEA,RB,547.1,516.6,9.0,1.8,7.2,0,0,,,,
21793,21793,Mike Warren II,DET,RB,548.2,549.3,9.0,0.0,7.2,0,0,,,,
18361,18361,Chester Rogers,TEN,WR,549.3,521.1,13.0,33.5,6.7,0,0,,,,
20361,20361,Ross Dwelley,SF,TE,550.5,524.5,6.0,34.4,24.6,0,0,,,,
22310,22310,Gabe Nabers,LAC,RB,551.6,533.5,7.0,17.1,7.1,0,0,,,,
21114,21114,Austin Seibert,CIN,K,552.7,591.1,10.0,29.3,86.7,0,0,,,,
21963,21963,Omar Bayless,CAR,WR,553.8,523.4,13.0,0.0,6.5,0,0,,,,
19943,19943,Durham Smythe,MIA,TE,555.0,518.9,14.0,37.0,24.2,0,0,,,,
19910,19910,Ian Thomas,CAR,TE,556.1,512.1,13.0,23.1,24.1,0,0,254.0,,,
20071,20071,Keith Kirkwood,CAR,WR,557.2,539.2,13.0,1.7000000000000002,6.4,0,0,,,,
15247,15247,Darren Fells,DET,TE,558.4,535.8,9.0,62.3,23.2,0,0,,,,
21820,21820,Jacob Eason,IND,QB,559.5,596.7,14.0,0.0,18.5,0,0,,,,
19176,19176,Darrell Daniels,ARI,TE,560.6,544.8,12.0,17.1,22.2,0,0,,,,
21965,21965,James Morgan,NYJ,QB,561.7,600.1,6.0,0.0,17.8,0,0,,,,
20040,20040,Trenton Cannon,CAR,RB,562.9,553.8,13.0,6.2,6.3,0,0,,,,
16919,16919,J.J. Nelson,IND,WR,564.0,559.5,14.0,10.8,5.9,0,0,,,,
22509,22509,Hunter Long,MIA,TE,565.1,548.2,14.0,0.0,20.8,0,0,,,,
21310,21310,Khari Blasingame,TEN,RB,566.3,540.3,13.0,5.0,6.0,0,0,,,,
19304,19304,Pharaoh Brown,HOU,TE,567.4,557.2,10.0,31.9,20.5,0,0,,,,
19358,19358,Gehrig Dieter,KC,WR,568.5,564.0,12.0,1.3,5.5,0,0,,,,
20318,20318,Buddy Howell,HOU,RB,569.6,550.5,10.0,8.5,5.7,0,0,,,,
21808,21808,Dalton Keene,NE,TE,570.8,527.9,14.0,2.0,19.6,0,0,,,,
18118,18118,Brandon Allen,CIN,QB,571.9,613.6,10.0,56.1,15.7,0,0,,,,
17762,17762,Chris Manhertz,JAX,TE,573.0,556.1,7.0,6.6,19.4,0,0,,,,
14985,14985,Ryan Griffin,NYJ,TE,574.2,562.9,6.0,10.9,19.2,0,0,,,,
20952,20952,Jace Sternberger,GB,TE,575.3,558.4,13.0,19.6,19.2,0,0,259.0,,,
20925,20925,Riley Ridley,CHI,WR,576.4,565.1,10.0,5.0,5.1,0,0,,,,
20974,20974,Kahale Warring,HOU,TE,577.5,561.7,10.0,4.5,18.9,0,0,,,,
18115,18115,Derek Watt,PIT,RB,578.7,585.4,7.0,0.0,5.3,0,0,,,,
18645,18645,Aldrick Rosas,JAX,K,579.8,619.3,7.0,44.0,65.4,0,0,192.0,,,
13887,13887,Travis Benjamin,SF,WR,580.9,579.8,6.0,0.0,5.0,0,0,293.0,,,
19850,19850,Mason Rudolph,PIT,QB,582.0,622.7,7.0,20.7,14.6,0,0,,,,
21158,21158,Matt Sokol,LAC,TE,583.2,569.6,7.0,0.0,18.1,0,0,,,,
16928,16928,Michael Burton,KC,RB,584.3,584.3,12.0,5.9,5.2,0,0,,,,
22206,22206,Reggie Gilliam,BUF,TE,585.4,576.4,7.0,9.7,17.9,0,0,,,,
22205,22205,Antonio Williams,BUF,RB,586.6,614.8,7.0,22.9,5.1,0,0,,,,
16378,16378,Keith Smith,ATL,RB,587.7,587.7,6.0,8.4,5.1,0,0,,,,
16491,16491,Richard Rodgers,PHI,TE,588.8,586.6,14.0,52.5,17.4,0,0,,,,
19957,19957,John Kelly,CLE,RB,589.9,624.9,13.0,1.1,5.0,0,0,,,,
18673,18673,Jaydon Mickens,TB,WR,591.1,580.9,9.0,7.4,4.7,0,0,,,,
20703,20703,John Wolford,LAR,QB,592.2,627.2,11.0,14.5,13.7,0,0,,,,
19165,19165,Johnny Mundt,LAR,TE,593.3,570.8,11.0,6.7,16.9,0,0,,,,
18039,18039,Pharoh Cooper,JAX,WR,594.5,568.5,7.0,9.3,4.6,0,0,,,,
19330,19330,Nick Mullens,PHI,QB,595.6,631.7,14.0,131.2,13.3,0,0,,,,
21955,21955,Thaddeus Moss,CIN,TE,596.7,574.2,10.0,0.0,16.4,0,0,,,,
21683,21683,Hunter Bryant,DET,TE,597.8,573.0,9.0,5.6,16.1,0,0,,,,
21771,21771,Devin Asiasi,NE,TE,599.0,577.5,14.0,11.2,16.1,0,0,,,,
21278,21278,Stephen Carlson,CLE,TE,600.1,594.5,13.0,3.9,15.9,0,0,,,,
22662,22662,Tommy Tremble,CAR,TE,601.2,571.9,13.0,0.0,15.8,0,0,,,,
21795,21795,Luke Farrell,JAX,TE,602.4,566.3,7.0,0.0,15.8,0,0,,,,
18617,18617,Elijhaa Penny,NYG,RB,603.5,593.3,10.0,4.5,4.5,0,0,,,,
2405,2405,Chad Henne,KC,QB,604.6,636.2,12.0,26.8,12.6,0,0,,,,
22527,22527,A.J. Rose Jr.,MIN,RB,605.7,592.2,7.0,0.0,4.5,0,0,,,,
19191,19191,P.J. Walker,CAR,QB,606.9,637.3,13.0,10.8,12.4,0,0,,,,
21815,21815,Sam Ehlinger,IND,QB,608.0,638.4,14.0,0.0,12.2,0,0,,,,
18152,18152,Dwayne Washington,NO,RB,609.1,612.5,6.0,1.9,4.4,0,0,,,,
20904,20904,Devine Ozigbo,JAX,RB,610.2,582.0,7.0,5.5,4.3,1,1,,,,
20069,20069,Ryan Izzo,HOU,TE,611.4,597.8,10.0,20.2,15.0,0,0,,,,
18093,18093,Andy Janovich,CLE,RB,612.5,575.3,13.0,2.2,4.2,0,0,,,,
16846,16846,Tyler Kroft,NYJ,TE,613.6,595.6,6.0,33.7,14.7,0,0,,,,
21962,21962,Malcolm Perry,MIA,WR,614.8,610.2,14.0,17.7,3.9,0,0,,,,
19200,19200,C.J. Board,NYG,WR,615.9,578.7,10.0,11.7,3.9,0,0,,,,
20874,20874,Trace McSorley,BAL,QB,617.0,648.6,8.0,10.5,11.3,0,0,,,,
18262,18262,Stephen Anderson,LAC,TE,618.1,601.2,7.0,12.0,13.6,0,0,,,,
12982,12982,Blaine Gabbert,TB,QB,619.3,653.1,9.0,17.3,11.0,0,0,,,,
20020,20020,Jordan Thomas,IND,TE,620.4,604.6,14.0,8.0,13.6,0,0,284.0,,,
16253,16253,Allen Hurns,MIA,WR,621.5,603.5,14.0,0.0,3.7,0,0,,,,
19779,19779,Brandon Zylstra,CAR,WR,622.7,599.0,13.0,4.6,3.7,0,0,,,,
20283,20283,Tim Boyle,DET,QB,623.8,655.4,9.0,-1.0,10.7,0,0,,,,
22497,22497,Ian Book,NO,QB,624.9,656.5,6.0,0.0,10.6,0,0,,,,
21349,21349,Ashton Dulin,IND,WR,626.0,618.1,14.0,8.1,3.5,0,0,,,,
21676,21676,Jared Pinkney,TEN,TE,627.2,609.1,13.0,0.0,12.5,0,0,,,,
21807,21807,Colby Parkinson,SEA,TE,628.3,611.4,9.0,2.0,12.2,0,0,,,,
21277,21277,David Blough,DET,QB,629.4,661.0,9.0,2.2,11.1,0,0,,,,
11196,11196,Tim Tebow,JAX,TE,630.6,608.0,7.0,13.3,12.1,0,0,,,,
16878,16878,Blake Bell,KC,TE,631.7,605.7,12.0,12.6,11.7,0,0,,,,
20957,20957,Tommy Sweeney,BUF,TE,632.8,623.8,7.0,0.0,11.6,0,0,,,,
21227,21227,Andrew Beck,DEN,TE,633.9,626.0,11.0,0.0,11.2,0,0,,,,
21785,21785,Noah Gray,KC,TE,635.1,606.9,12.0,0.0,11.1,0,0,,,,
21100,21100,Jakob Johnson,NE,RB,636.2,602.4,14.0,10.7,3.2,0,0,,,,
21678,21678,Brycen Hopkins,LAR,TE,637.3,615.9,11.0,0.0,11.0,0,0,,,,
19494,19494,Evan Baylis,KC,TE,638.4,620.4,12.0,0.0,11.0,0,0,,,,
20954,20954,Jarrett Stidham,NE,QB,639.6,666.6,14.0,14.6,9.8,0,0,,,,
21798,21798,Josiah Deguara,GB,TE,640.7,617.0,13.0,1.5,10.7,0,0,,,,
20081,20081,Trent Sherfield,SF,WR,641.8,632.8,6.0,6.4,2.8,0,0,,,,
11047,11047,Colt McCoy,ARI,QB,643.0,671.2,12.0,20.5,9.3,0,0,,,,
15640,15640,Derek Carrier,LV,TE,644.1,629.4,8.0,1.8,10.2,0,0,,,,
21295,21295,Nsimba Webster,SF,WR,645.2,621.5,6.0,-2.3,2.8,0,0,,,,
22119,22119,Charlie Woerner,SF,TE,646.3,628.3,6.0,4.6,10.0,0,0,,,,
18498,18498,J.P. Holtz,CHI,TE,647.5,635.1,10.0,0.0,11.3,0,0,,,,
19335,19335,Antony Auclair,HOU,TE,648.6,641.8,10.0,0.0,10.8,0,0,,,,
14895,14895,Geno Smith,SEA,QB,649.7,676.8,9.0,1.4,8.6,0,0,,,,
15201,15201,Mike Glennon,NYG,QB,650.9,677.9,10.0,68.3,8.6,0,0,,,,
19415,19415,Jason Croom,PHI,TE,652.0,640.7,14.0,8.0,10.5,0,0,,,,
22498,22498,Feleipe Franks,ATL,QB,653.1,681.3,6.0,0.0,8.4,0,0,,,,
16621,16621,Garrett Gilbert,DAL,QB,654.2,682.4,7.0,16.4,8.4,0,0,,,,
20795,20795,Dwayne Haskins,PIT,QB,655.4,683.6,7.0,76.9,8.4,0,0,204.0,,,
13723,13723,Nick Foles,CHI,QB,656.5,684.7,10.0,117.5,8.3,0,0,190.0,,,
22512,22512,Tre' McKitty,LAC,TE,657.6,639.6,7.0,0.0,10.0,0,0,,,,
22284,22284,Ben Ellefson,JAX,TE,658.8,646.3,7.0,3.8,9.9,0,0,,,,
22823,22823,Kylen Granson,IND,TE,659.9,633.9,14.0,0.0,9.9,0,0,,,,
9902,9902,Chase Daniel,LAC,QB,661.0,692.6,7.0,13.7,7.9,0,0,,,,
21161,21161,Brandon Dillon,MIN,TE,662.1,650.9,7.0,0.8,9.8,0,0,,,,
15694,15694,Case Keenum,CLE,QB,663.3,702.7,13.0,2.3,7.7,0,0,252.0,,,
22154,22154,Samuel Sloman,PIT,K,664.4,703.9,7.0,59.8,29.9,0,0,,,,
17965,17965,C.J. Prosise,TB,RB,665.5,645.2,9.0,9.8,2.4,0,0,,,,
19067,19067,Jeremy Sprinkle,DAL,TE,666.6,649.7,7.0,0.8,9.4,0,0,,,,
20993,20993,Caleb Wilson,PHI,TE,667.8,654.2,14.0,0.0,9.4,0,0,,,,
20055,20055,Logan Woodside,TEN,QB,668.9,707.3,13.0,1.6,7.5,0,0,,,,
19542,19542,Colin Thompson,CAR,TE,670.0,652.0,13.0,8.5,9.2,0,0,,,,
21866,21866,Chris Streveler,ARI,QB,671.2,720.8,12.0,9.8,7.1,0,0,,,,
20295,20295,Vyncint Smith,NYJ,WR,672.3,630.6,6.0,1.7000000000000002,2.1,0,0,,,,
20662,20662,Jaeden Graham,ATL,TE,673.4,659.9,6.0,3.2,8.4,0,0,,,,
22657,22657,John Bates,WAS,TE,674.5,647.5,9.0,0.0,8.4,0,0,,,,
21810,21810,Tyler Huntley,BAL,QB,675.7,726.4,8.0,3.7,6.8,0,0,,,,
18973,18973,C.J. Beathard,JAX,QB,676.8,730.9,7.0,59.0,6.7,0,0,,,,
21780,21780,Jake Breeland,BAL,TE,677.9,643.0,8.0,0.0,8.0,0,0,,,,
16116,16116,AJ McCarron,ATL,QB,679.1,738.8,6.0,1.0,6.5,0,0,,,,
20563,20563,Nick Keizer,KC,TE,680.2,657.6,12.0,5.5,7.9,0,0,,,,
15378,15378,Levine Toilolo,NYG,TE,681.3,662.1,10.0,5.9,7.8,0,0,,,,
21542,21542,Chase McLaughlin,CLE,K,682.4,743.4,13.0,21.4,23.9,0,0,,,,
22340,22340,Matt Cole,NYJ,WR,683.6,667.8,6.0,0.0,1.8,0,0,,,,
21817,21817,Kellen Mond,MIN,QB,684.7,747.9,7.0,0.0,5.8,0,0,,,,
21203,21203,Matthew Wright,DET,K,685.8,750.1,9.0,21.4,22.6,0,0,,,,
20684,20684,Malik Turner,DAL,WR,687.0,665.5,7.0,0.0,1.7000000000000002,0,0,,,,
17750,17750,Ross Travis,ARI,TE,688.1,672.3,12.0,0.0,7.1,0,0,,,,
19973,19973,Troy Fumagalli,NE,TE,689.2,668.9,14.0,15.8,7.1,0,0,,,,
18073,18073,Jonathan Williams,WAS,RB,690.3,673.4,9.0,0.8,1.8,0,0,,,,
20106,20106,Ryan Nall,CHI,RB,691.5,664.4,10.0,14.3,1.7000000000000002,0,0,,,,
20899,20899,Josh Oliver,BAL,TE,692.6,675.7,8.0,1.9,6.7,0,0,,,,
22667,22667,Zach Davidson,MIN,TE,693.7,658.8,7.0,0.0,6.7,0,0,,,,
20865,20865,Alizé Mack,DET,TE,694.8,670.0,9.0,0.0,6.5,0,0,,,,
20079,20079,Trey Quinn,LV,WR,696.0,663.3,8.0,0.0,1.6,0,0,237.0,,,
20812,20812,Jesper Horsted,CHI,TE,697.1,680.2,10.0,14.3,6.2,0,0,,,,
18094,18094,Temarrick Hemingway,WAS,TE,698.2,685.8,9.0,1.3,6.1,0,0,,,,
19969,19969,Damion Ratley,DET,WR,699.4,674.5,9.0,8.0,1.5,0,0,,,,
19917,19917,Antonio Callaway,KC,WR,700.5,679.1,12.0,2.5,1.4,0,0,262.0,,,
18666,18666,Duke Williams,BUF,WR,701.6,644.1,7.0,0.0,1.4,0,0,,,,
21796,21796,Noah Togiai,IND,TE,702.7,699.4,14.0,0.0,5.6,0,0,,,,
17218,17218,DeAndre Carter,WAS,WR,703.9,688.1,9.0,-1.4,1.3,0,0,,,,
17415,17415,Matt LaCosse,NE,TE,705.0,687.0,14.0,0.0,5.5,0,0,263.0,,,
20332,20332,Deon Yelder,WAS,TE,706.1,698.2,9.0,4.6,5.4,0,0,,,,
19075,19075,Mason Schreck,CIN,TE,707.3,721.9,10.0,0.0,5.2,0,0,,,,
21828,21828,Jake Fromm,BUF,QB,708.4,758.0,7.0,0.0,4.1,0,0,,,,
21178,21178,Jason Moore,LAC,WR,709.5,708.4,7.0,0.0,1.2,0,0,,,,
21513,21513,Darrius Shepherd,KC,WR,710.6,691.5,12.0,3.3,1.2,0,0,,,,
22902,22902,Ben Mason,BAL,TE,711.8,705.0,8.0,0.0,5.0,0,0,,,,
19109,19109,Elijah McGuire,KC,RB,712.9,715.2,12.0,0.0,1.3,0,0,272.0,,,
21848,21848,Artavis Pierce,CHI,RB,714.0,701.6,10.0,10.6,1.3,0,0,,,,
13063,13063,Taiwan Jones,BUF,RB,715.2,744.5,7.0,0.0,1.3,0,0,,,,
19006,19006,Josh Malone,NYJ,WR,716.3,693.7,6.0,3.6,1.2,0,0,,,,
20328,20328,Jeff Badet,ATL,WR,717.4,694.8,6.0,0.0,1.2,0,0,,,,
21072,21072,Keelan Doss,LV,WR,718.5,711.8,8.0,0.0,1.2,0,0,,,,
22177,22177,Chris Rowland,ATL,WR,719.7,696.0,6.0,0.0,1.2,0,0,,,,
22345,22345,Dan Chisena,MIN,WR,720.8,712.9,7.0,0.0,1.2,0,0,,,,
22441,22441,Nathan Cottrell,JAX,RB,721.9,706.1,7.0,0.0,1.2,0,0,,,,
19021,19021,Chad Hansen,DET,WR,723.0,697.1,9.0,33.4,1.2,0,0,,,,
21240,21240,Damarea Crockett,DEN,RB,724.2,709.5,11.0,0.0,1.2,0,0,262.0,,,
19811,19811,Marcell Ateman,LV,WR,725.3,724.2,8.0,10.8,1.2,0,0,,,,
21764,21764,Jason Huntley,PHI,RB,726.4,689.2,14.0,2.4,1.2,0,0,,,,
21842,21842,Adrian Killins Jr.,PHI,RB,727.6,690.3,14.0,-1.1,1.2,0,0,,,,
18896,18896,Cyril Grayson,TB,WR,728.7,700.5,9.0,0.0,1.1,0,0,,,,
20970,20970,John Ursua,SEA,WR,729.8,717.4,9.0,1.4,1.1,0,0,,,,
21728,21728,Lawrence Cager,NYJ,WR,730.9,718.5,6.0,4.5,1.1,0,0,,,,
20250,20250,Robert Foster,MIA,WR,732.1,727.6,14.0,4.7,1.1,0,0,256.0,,,
20477,20477,Derrick Willies,CLE,WR,733.2,728.7,13.0,0.0,1.1,0,0,,,,
21312,21312,Alexander Hollins,CLE,WR,734.3,733.2,13.0,0.0,1.1,0,0,,,,
20935,20935,Jordan Scarlett,MIA,RB,735.5,714.0,14.0,1.1,1.2,0,0,289.0,,,
22244,22244,Ja'Marcus Bradley,CLE,WR,736.6,734.3,13.0,7.6,1.1,0,0,,,,
19205,19205,Taquan Mizzell,NYG,RB,737.7,716.3,10.0,17.4,1.2,0,0,,,,
21846,21846,Levante Bellamy,DEN,RB,738.8,725.3,11.0,2.0,1.1,0,0,,,,
17914,17914,Laquon Treadwell,JAX,WR,740.0,723.0,7.0,19.1,1.1,0,0,,,,
19023,19023,Mack Hollins,MIA,WR,741.1,710.6,14.0,24.4,1.1,0,0,,,,
20770,20770,Zach Gentry,PIT,TE,742.2,749.0,7.0,0.0,4.4,0,0,,,,
21126,21126,Cullen Gillaspia,NYG,RB,743.4,719.7,10.0,0.8,1.1,0,0,,,,
16768,16768,Kevin White,SF,WR,744.5,736.6,6.0,0.0,1.1,0,0,,,,
21514,21514,Austin Walter,NYJ,RB,745.6,729.8,6.0,3.8,1.1,0,0,,,,
22831,22831,Blake Haubeil,TEN,K,746.7,761.4,13.0,0.0,13.5,0,0,,,,
19280,19280,Cody Hollister,TEN,WR,747.9,740.0,13.0,1.5,1.0,0,0,,,,
19671,19671,Fred Brown,TEN,WR,749.0,741.1,13.0,0.0,1.0,0,0,,,,
21818,21818,Shane Buechele,KC,QB,750.1,762.5,12.0,0.0,3.4,0,0,,,,
21856,21856,Scottie Phillips,HOU,RB,751.2,735.5,10.0,2.0,1.1,0,0,,,,
22477,22477,Dominique Dafney,GB,TE,752.4,753.5,13.0,10.9,4.2,0,0,,,,
19219,19219,Cethan Carter,MIA,TE,753.5,745.6,14.0,6.7,4.1,0,0,,,,
19184,19184,JoJo Natson,CLE,WR,754.6,752.4,13.0,0.4,1.0,0,0,,,,
21106,21106,Ishmael Hyman,CAR,WR,755.8,742.2,13.0,0.0,0.9,0,0,,,,
12777,12777,Lee Smith,ATL,TE,756.9,755.8,6.0,17.5,3.9,0,0,,,,
19008,19008,Ryan Switzer,CLE,WR,758.0,737.7,13.0,0.0,0.9,0,0,,,,
19035,19035,Eric Saubert,DEN,TE,759.1,751.2,11.0,2.0,3.8,0,0,,,,
22213,22213,Kendall Hinton,DEN,WR,760.3,764.8,11.0,-3.1,0.8,0,0,,,,
19410,19410,Ricky Seals-Jones,WAS,TE,761.4,759.1,9.0,0.0,3.4,0,0,297.0,,,
20506,20506,Tanner Hudson,TB,TE,762.5,756.9,9.0,5.2,3.2,0,0,,,,
21723,21723,James Proche II,BAL,WR,763.7,754.6,8.0,1.8,0.7000000000000001,0,0,,,,
16903,16903,MyCole Pruitt,SF,TE,764.8,760.3,6.0,19.1,2.8,0,0,,,,
20977,20977,Trevon Wesco,NYJ,TE,765.9,763.7,6.0,0.6000000000000001,2.5,0,0,,,,
21959,21959,Dezmon Patmon,IND,WR,767.0,746.7,14.0,0.0,0.5,0,0,,,,
17223,17223,Eric Tomlinson,BAL,TE,768.2,765.9,8.0,0.0,2.0,0,0,,,,
20893,20893,Isaac Nauta,GB,TE,769.3,768.2,13.0,0.4,1.8,0,0,,,,
17219,17219,Daniel Brown,NYJ,TE,770.4,767.0,6.0,3.9,1.6,0,0,,,,
18123,18123,Jeff Driskel,HOU,QB,771.6,776.1,10.0,33.9,0.9,0,0,,,,
21782,21782,Jonathan Ward,ARI,RB,772.7,777.2,12.0,9.0,0.30000000000000004,0,0,,,,
21781,21781,Sean McKeon,DAL,TE,773.8,769.3,7.0,0.0,1.0,0,0,,,,
19579,19579,Tyrone Swoopes,WAS,TE,774.9,770.4,9.0,0.6000000000000001,1.0,0,0,,,,
21263,21263,Trenton Irwin,CIN,WR,776.1,732.1,10.0,0.6000000000000001,0.2,0,0,,,,
20134,20134,Kevin Rader,PIT,TE,777.2,771.6,7.0,0.0,0.9,0,0,,,,
18997,18997,Jake Butt,CHI,TE,778.3,772.7,10.0,0.6000000000000001,0.9,0,0,,,,
21774,21774,Tony Jones Jr.,NO,RB,779.4,773.8,6.0,1.7000000000000002,0.1,0,0,,,,
19461,19461,Cooper Rush,DAL,QB,780.6,778.3,7.0,0.0,0.2,0,0,,,,
19025,19025,Joshua Dobbs,PIT,QB,781.7,779.4,7.0,2.6,0.1,0,0,,,,
22138,22138,Tyler Davis,JAX,TE,782.8,774.9,7.0,0.0,0.1,0,0,,,,
15190,15190,Ryan Griffin,TB,QB,784.0,780.6,9.0,0.0,0.1,0,0,,,,
20929,20929,Brett Rypien,DEN,QB,785.1,781.7,11.0,12.7,0.1,0,0,,,,
19763,19763,Josh Rosen,SF,QB,786.2,782.8,6.0,0.0,0.0,0,0,228.0,,,
20953,20953,Easton Stick,LAC,QB,787.3,784.0,7.0,0.0,0.0,0,0,,,,
7651,7651,Matthew Slater,NE,WR,789.6,786.2,14.0,0.0,0.0,0,0,,,,
8355,8355,Julian Edelman,,WR,790.7,787.3,,39.7,0.0,16,18,51.0,,,
8358,8358,Brian Hoyer,NE,QB,791.9,788.5,14.0,2.5,0.0,0,0,,,,
14918,14918,Tyler Eifert,,TE,865.2,861.8,,52.9,0.0,0,0,188.0,,,
15196,15196,Kenny Stills,,WR,884.4,881.0,,23.0,0.0,1,1,199.0,,,
15263,15263,Luke Willson,,TE,893.4,890.0,,1.5,0.0,0,0,,,,
15866,15866,Josh Hill,,TE,902.4,899.0,,12.0,0.0,0,0,,,,
16258,16258,Marqise Lee,,WR,919.3,915.9,,0.0,0.0,0,0,215.0,,,
16276,16276,Bennie Fowler,SF,WR,921.6,918.2,6.0,1.4,0.0,0,0,,,,
16395,16395,Xavier Grimble,,TE,937.4,934.0,,0.4,0.0,0,0,,,,
16728,16728,Dontrelle Inman,,WR,962.2,958.8,,31.9,0.0,0,0,,,,
16798,16798,Devin Smith,NE,WR,979.1,975.7,14.0,19.5,0.0,0,0,,,,
17009,17009,Trevor Siemian,NO,QB,1018.6,1015.2,6.0,0.0,0.0,0,0,,,,
17289,17289,Jake Kumerow,BUF,WR,1035.5,1032.1,7.0,10.4,0.0,0,0,291.0,,,
17939,17939,Josh Doctson,,WR,1056.9,1053.6,,0.0,0.0,0,0,246.0,,,
17962,17962,Roberto Aguayo,,K,1072.7,1069.3,,110.5,0.0,0,0,,,,
18080,18080,Trevor Davis,,WR,1123.5,1120.1,,23.0,0.0,0,0,,,,
18104,18104,Nate Sudfeld,SF,QB,1128.0,1124.6,6.0,-1.7000000000000002,0.0,0,0,,,,
18114,18114,Danny Vitale,,RB,1130.3,1126.9,,0.0,0.0,0,0,,,,
18619,18619,Jon Brown,,K,1172.0,1168.6,,5.1,0.0,0,0,,,,
18716,18716,Garrett Griffin,NO,TE,1175.4,1172.0,6.0,0.0,0.0,0,0,,,,
18868,18868,DeShone Kizer,TEN,QB,1177.6,1174.2,13.0,0.0,0.0,0,0,,,,
18907,18907,Davis Webb,BUF,QB,1183.3,1179.9,7.0,0.0,0.0,0,0,,,,
18957,18957,D'Onta Foreman,,RB,1218.2,1214.9,,18.0,0.0,0,0,196.0,,,
18971,18971,Taywan Taylor,HOU,WR,1226.1,1222.8,10.0,0.0,0.0,0,0,,,,
19029,19029,Nathan Peterman,LV,QB,1248.7,1245.3,8.0,2.4,0.0,0,0,,,,
19314,19314,Isaac Whitney,ARI,WR,1294.9,1291.6,12.0,0.0,0.0,0,0,,,,
19326,19326,Cole Hikutini,NYG,TE,1296.1,1292.7,10.0,1.9,0.0,0,0,,,,
19403,19403,Krishawn Hogan,,WR,1300.6,1297.2,,0.5,0.0,0,0,,,,
19559,19559,Sean Culkin,,TE,1310.7,1307.4,,0.0,0.0,0,0,,,,
19732,19732,Rashard Davis,,WR,1315.2,1311.9,,2.0,0.0,0,0,,,,
19913,19913,Kyle Lauletta,CLE,QB,1371.6,1368.3,13.0,-2.5,0.0,0,0,,,,
19916,19916,DaeSean Hamilton,DEN,WR,1372.8,1369.4,11.0,44.3,0.0,0,0,220.0,,,
19924,19924,Ito Smith,,RB,1376.2,1372.8,,45.5,0.0,1,1,178.0,,,
19925,19925,Jaleel Scott,,WR,1377.3,1373.9,,2.0,0.0,0,0,,,,
19972,19972,Mike White,NYJ,QB,1411.1,1407.7,6.0,0.0,0.0,0,0,,,,
19980,19980,Deon Cain,BAL,WR,1413.4,1410.0,8.0,0.0,0.0,0,0,282.0,,,
19982,19982,Dylan Cantrell,,TE,1414.5,1411.1,,0.0,0.0,0,0,,,,
20018,20018,Nick Bawden,,RB,1429.2,1425.8,,2.2,0.0,0,0,,,,
20037,20037,Danny Etling,SEA,QB,1438.2,1434.8,9.0,0.0,0.0,0,0,,,,
20044,20044,Alex McGough,SEA,QB,1439.3,1435.9,9.0,0.0,0.0,0,0,,,,
20067,20067,Steven Mitchell Jr.,,WR,1445.0,1441.6,,7.6,0.0,0,0,,,,
20122,20122,Jordan Chunn,,RB,1452.9,1449.5,,0.0,0.0,0,0,,,,
20149,20149,Eddy Piñeiro,IND,K,1454.0,1450.6,14.0,112.8,0.0,0,0,,,,
20174,20174,Marcus Baugh,,TE,1460.8,1457.4,,0.30000000000000004,0.0,0,0,,,,
20194,20194,Rico Gafford,ARI,WR,1468.7,1465.3,12.0,0.0,0.0,0,0,,,,
20264,20264,Jordan Franks,CLE,TE,1475.4,1472.0,13.0,0.0,0.0,0,0,,,,
20296,20296,Jester Weah,CHI,WR,1483.3,1479.9,10.0,0.0,0.0,0,0,,,,
20314,20314,Codey McElroy,TB,TE,1485.6,1482.2,9.0,3.8,0.0,0,0,,,,
20478,20478,Darvin Kidsy,SEA,WR,1504.8,1501.4,9.0,0.0,0.0,0,0,,,,
20743,20743,Ryquell Armstead,,RB,1539.7,1536.3,,0.0,0.0,0,0,237.0,,,
20759,20759,Ryan Finley,,QB,1549.9,1546.5,,21.6,0.0,0,0,,,,
20782,20782,Emanuel Hall,,WR,1561.2,1557.8,,0.0,0.0,0,0,,,,
20797,20797,Daniel Helm,,TE,1566.8,1563.4,,0.0,0.0,0,0,,,,
20809,20809,Elijah Holyfield,PHI,RB,1571.3,1567.9,14.0,0.0,0.0,0,0,,,,
20829,20829,Gary Jennings,IND,WR,1576.9,1573.6,14.0,0.0,0.0,0,0,,,,
20830,20830,Anthony Johnson,PIT,WR,1578.1,1574.7,7.0,0.0,0.0,0,0,,,,
20863,20863,Bryce Love,,RB,1591.6,1588.2,,0.0,0.0,0,0,,,,
20906,20906,Jacques Patrick,CIN,RB,1607.4,1604.0,10.0,0.0,0.0,0,0,,,,
20922,20922,Dax Raymond,PIT,TE,1611.9,1608.5,7.0,0.0,0.0,0,0,,,,
20939,20939,David Sills V,NYG,WR,1616.4,1613.0,10.0,0.0,0.0,0,0,,,,
20966,20966,Clayton Thorson,NYG,QB,1626.6,1623.2,10.0,0.0,0.0,0,0,,,,
20979,20979,Antoine Wesley,ARI,WR,1632.2,1628.8,12.0,0.0,0.0,0,0,,,,
21046,21046,Jake Browning,MIN,QB,1661.5,1658.2,7.0,0.0,0.0,0,0,,,,
21071,21071,Greg Dortch,,WR,1670.6,1667.2,,-2.3,0.0,0,0,,,,
21097,21097,Christian Wade,BUF,RB,1671.7,1668.3,7.0,0.0,0.0,0,0,,,,
21105,21105,Elliott Fry,,K,1672.8,1669.4,,5.1,0.0,0,0,,,,
21220,21220,Jake Dolegala,GB,QB,1702.2,1698.8,13.0,0.0,0.0,0,0,,,,
21344,21344,Hale Hentges,,TE,1714.6,1711.2,,0.0,0.0,0,0,,,,
21383,21383,Jody Fortson,KC,WR,1722.5,1719.1,12.0,0.0,0.0,0,0,,,,
21451,21451,Jon'Vea Johnson,,WR,1733.7,1730.4,,0.0,0.0,0,0,,,,
21548,21548,Ventell Bryant,CAR,WR,1749.5,1746.1,13.0,9.5,0.0,0,0,,,,
21551,21551,Charles Jones,,TE,1750.7,1747.3,,0.6000000000000001,0.0,0,0,,,,
21562,21562,Devlin Hodges,LAR,QB,1752.9,1749.5,11.0,57.9,0.0,0,0,,,,
21612,21612,Jordan Ta'amu,,QB,1758.6,1755.2,,0.0,0.0,0,0,,,,
21708,21708,Reggie Begelton,GB,WR,1760.8,1757.4,13.0,0.0,0.0,0,0,,,,
21717,21717,Jauan Jennings,SF,WR,1763.1,1759.7,6.0,0.0,0.0,0,0,,,,
21722,21722,Binjimen Victor,BAL,WR,1764.2,1760.8,8.0,0.0,0.0,0,0,,,,
21732,21732,Giovanni Ricci,CAR,TE,1765.3,1761.9,13.0,0.0,0.0,0,0,,,,
21751,21751,Aaron Fuller,SEA,WR,1766.4,1763.1,9.0,0.0,0.0,0,0,,,,
21787,21787,Javon Leake,,RB,1767.6,1764.2,,0.0,0.0,0,0,,,,
21789,21789,Benny LeMay,IND,RB,1768.7,1765.3,14.0,0.0,0.0,0,0,,,,
21792,21792,Darius Anderson,IND,RB,1769.8,1766.4,14.0,0.0,0.0,0,0,,,,
21809,21809,Steven Montez,WAS,QB,1771.0,1767.6,9.0,0.0,0.0,0,0,,,,
21812,21812,Nate Stanley,MIN,QB,1772.1,1768.7,7.0,0.0,0.0,0,0,,,,
21814,21814,Jake Luton,JAX,QB,1773.2,1769.8,7.0,31.9,0.0,0,0,,,,
21816,21816,Anthony Gordon,KC,QB,1774.3,1771.0,12.0,0.0,0.0,0,0,,,,
21819,21819,Bryce Perkins,LAR,QB,1775.5,1772.1,11.0,0.0,0.0,0,0,,,,
21822,21822,Cole McDonald,,QB,1776.6,1773.2,,0.0,0.0,0,0,,,,
21825,21825,Spencer Brown,CAR,RB,1777.7,1774.3,13.0,0.0,0.0,0,0,,,,
21826,21826,Darius Bradwell,LAC,RB,1778.9,1775.5,7.0,0.0,0.0,0,0,,,,
21849,21849,Caleb Huntley,ATL,RB,1780.0,1776.6,6.0,0.0,0.0,0,0,,,,
21850,21850,Tavien Feaster,ARI,RB,1781.1,1777.7,12.0,0.0,0.0,0,0,,,,
21865,21865,Stephen Sullivan,CAR,TE,1782.2,1778.9,13.0,0.0,0.0,0,0,,,,
21971,21971,Sewo Olonilua,DAL,RB,1855.6,1852.2,7.0,0.0,0.0,0,0,,,,
22113,22113,Eli Wolf,BAL,TE,1933.4,1930.0,8.0,0.0,0.0,0,0,,,,
22123,22123,Austin MacGinnis,LAR,K,1934.5,1931.1,11.0,0.0,0.0,0,0,,,,
22146,22146,Ben DiNucci,DAL,QB,1941.3,1937.9,7.0,8.9,0.0,0,0,,,,
22151,22151,Tommy Stevens,,QB,1946.9,1943.5,,3.1,0.0,0,0,,,,
22511,22511,Quintin Morris,BUF,TE,2027.0,2023.6,7.0,0.0,0.0,0,0,,,,
22518,22518,Matt Bushman,LV,TE,2028.1,2024.8,8.0,0.0,0.0,0,0,,,,
22519,22519,Nick Eubanks,DAL,TE,2029.3,2025.9,7.0,0.0,0.0,0,0,,,,
22536,22536,C.J. Marable,CHI,RB,2030.4,2027.0,10.0,0.0,0.0,0,0,,,,
22537,22537,Trey Ragas,LV,RB,2031.5,2028.1,8.0,0.0,0.0,0,0,,,,
22617,22617,Marlon Williams,HOU,WR,2036.0,2032.7,10.0,0.0,0.0,0,0,,,,
22638,22638,Dillon Stoner,LV,WR,2037.2,2033.8,8.0,0.0,0.0,0,0,,,,
22652,22652,Josh Johnson,SEA,RB,2038.3,2034.9,9.0,0.0,0.0,0,0,,,,
22658,22658,Shaun Beyer,DEN,TE,2039.4,2036.0,11.0,0.0,0.0,0,0,,,,
22665,22665,Pro Wells,CIN,TE,2040.6,2037.2,10.0,0.0,0.0,0,0,,,,
22674,22674,Deon Jackson,IND,RB,2041.7,2038.3,14.0,0.0,0.0,0,0,,,,
22701,22701,Darius Clark,CAR,RB,2055.2,2051.8,13.0,0.0,0.0,0,0,,,,
22717,22717,Jose Borregales,TB,K,2064.2,2060.9,9.0,0.0,0.0,0,0,,,,
22863,22863,Riley Patterson,MIN,K,2152.2,2148.8,7.0,0.0,0.0,0,0,,,,
23075,23075,Chris Naggar,NYJ,K,2231.2,2227.8,6.0,0.0,0.0,0,0,,,,
23080,23080,Quinn Nordin,NE,K,2232.3,2228.9,14.0,0.0,0.0,0,0,,,,
20779,20779,Will Grier,CAR,QB,2235.7,2232.3,13.0,0.0,0.0,0,0,,,,
21115,21115,Juwann Winfree,GB,WR,2236.8,2233.4,13.0,0.0,-3.4,0,0,,,,
